,k,paa_preprocess_time,sax_preprocess_time,bx_preprocess_time,gx_preprocess_time,query,query_len,bf_query_time,paa_query_time,sax_query_time,bx_query_time,gx_query_time,dist_diff_btw_paa_bf,dist_diff_btw_sax_bf,dist_diff_btw_bx_bf,dist_diff_btw_gx_bf,bf_dist,bf_match,paa_dist,paa_match,sax_dist,sax_match,bx_dist,bx_match,gx_dist,gx_match,num_rows,num_cols_max,num_cols_median,data_size,num_query
0,5.0,,,21.590355396270752,,,,,,,,,,,,,,,,,,,,,,,50.0,361.0,136.0,7294.0,12.0
1,,,,,,"(aefcfad8-efc8-4849-a3aa-7efe4458a885)_(6): (53:134)len=82:b'\x00\x00\x00\x00\x00\x00\xf0?\x00\x00\x00\x00\x00\x00\xf0?\x00\x00\x00\x00\x00\x00\xf0?c\x10X9\xb4\xc8\xee?c\x10X9\xb4\xc8\xee?c\x10X9\xb4\xc8\xee?c\x10X9\xb4\xc8\xee?c\x10X9\xb4\xc8\xee?\x00\x00\x00\x00\x00\x00\xf0?\x00\x00\x00\x00\x00\x00\xf0?\x00\x00\x00\x00\x00\x00\xf0?c\x10X9\xb4\xc8\xee?c\x10X9\xb4\xc8\xee?c\x10X9\xb4\xc8\xee?c\x10X9\xb4\xc8\xee?c\x10X9\xb4\xc8\xee?\x00\x00\x00\x00\x00\x00\xf0?\x00\x00\x00\x00\x00\x00\xf0?\x00\x00\x00\x00\x00\x00\xf0?\x00\x00\x00\x00\x00\x00\xf0?\x00\x00\x00\x00\x00\x00\xf0?c\x10X9\xb4\xc8\xee?c\x10X9\xb4\xc8\xee?c\x10X9\xb4\xc8\xee?\x00\x00\x00\x00\x00\x00\xf0?\x00\x00\x00\x00\x00\x00\xf0?\x00\x00\x00\x00\x00\x00\xf0?\x00\x00\x00\x00\x00\x00\xf0?\x00\x00\x00\x00\x00\x00\xf0?\xcf\xf7S\xe3\xa5\x9b\xf0?\xd7\xa3p=\n\xd7\xf1?!\xb0rh\x91\xed\xf4?\x08\xac\x1cZd;\xf9?\x08\xac\x1cZd;\xf9?\x18\x04V\x0e-\xb2\xfb?\xe8\xfb\xa9\xf1\xd2M\xfc?\xdfO\x8d\x97n\x12\xfb?\xd7\xa3p=\n\xd7\xf9?\xd7\xa3p=\n\xd7\xf9?\xd7\xa3p=\n\xd7\xf9?\xd7\xa3p=\n\xd7\xf9?\xd7\xa3p=\n\xd7\xf9?\xd7\xa3p=\n\xd7\xf9?\x08\xac\x1cZd;\xf9?\xd7\xa3p=\n\xd7\xf9?\x08\xac\x1cZd;\xf9?\x08\xac\x1cZd;\xf9?\xcf\xf7S\xe3\xa5\x9b\xf8?1\x08\xac\x1cZd\xf7?\xef\xa7\xc6K7\x89\xf5?\x18\x04V\x0e-\xb2\xf3?\xd7\xa3p=\n\xd7\xf1?\xd7\xa3p=\n\xd7\xf1?\x00\x00\x00\x00\x00\x00\xf0?c\x10X9\xb4\xc8\xee?R\xb8\x1e\x85\xebQ\xec?\xdfO\x8d\x97n\x12\xeb?A`\xe5\xd0""\xdb\xe9?A`\xe5\xd0""\xdb\xe9?\xbf\x9f\x1a/\xdd$\xe6?\xaeG\xe1z\x14\xae\xe3?\xaeG\xe1z\x14\xae\xe3?\x00\x00\x00\x00\x00\x00\xe0?\xc5 \xb0rh\x91\xdd?\xa4p=\n\xd7\xa3\xd8?\xa4p=\n\xd7\xa3\xd8?\xa4p=\n\xd7\xa3\xd8?\xa4p=\n\xd7\xa3\xd8?\xa4p=\n\xd7\xa3\xd8?\xbf\x9f\x1a/\xdd$\xd6?\xbf\x9f\x1a/\xdd$\xd6?\x83\xc0\xca\xa1E\xb6\xd3?\x83\xc0\xca\xa1E\xb6\xd3?\x83\xc0\xca\xa1E\xb6\xd3?\xbf\x9f\x1a/\xdd$\xd6?\xa4p=\n\xd7\xa3\xd8?\xdfO\x8d\x97n\x12\xdb?\xc5 \xb0rh\x91\xdd?\xc5 \xb0rh\x91\xdd?\x00\x00\x00\x00\x00\x00\xe0?\x00\x00\x00\x00\x00\x00\xe0?\x00\x00\x00\x00\x00\x00\xe0?'",82.0,4.606135129928589,6.310583591461182,6.662188768386841,0.22150111198425293,,,,,,,,,,,,,,,,,,,,
2,,,,,,,,,,,,,0.0,0.35055724417426554,0.0,,0.0,(aefcfad8-efc8-4849-a3aa-7efe4458a885)_(6): (52:132)len=81,0.0,(aefcfad8-efc8-4849-a3aa-7efe4458a885)_(6): (53:133)len=81,0.35055724417426554,(bd9c66b3-ad3c-4d6d-aa3d-1fa7bc8960a9)_(1): (98:103)len=6,0.0,(aefcfad8-efc8-4849-a3aa-7efe4458a885)_(6): (52:132)len=81,,,,,,,
3,,,,,,,,,,,,,0.0,0.3637284701114489,0.0,,0.0,(aefcfad8-efc8-4849-a3aa-7efe4458a885)_(6): (52:133)len=82,0.0,(aefcfad8-efc8-4849-a3aa-7efe4458a885)_(6): (53:134)len=82,0.3637284701114489,(4b0dbb41-8d52-48f1-a42c-3fe860e7a113)_(4): (177:179)len=3,0.0,(aefcfad8-efc8-4849-a3aa-7efe4458a885)_(6): (52:133)len=82,,,,,,,
4,,,,,,,,,,,,,0.0,0.3637284701114489,0.0,,0.0,(aefcfad8-efc8-4849-a3aa-7efe4458a885)_(6): (52:134)len=83,0.0,(aefcfad8-efc8-4849-a3aa-7efe4458a885)_(6): (53:135)len=83,0.3637284701114489,(4b0dbb41-8d52-48f1-a42c-3fe860e7a113)_(4): (177:180)len=4,0.0,(aefcfad8-efc8-4849-a3aa-7efe4458a885)_(6): (52:134)len=83,,,,,,,
5,,,,,,,,,,,,,0.012833502195204294,0.3637284701114489,0.0,,0.0,(aefcfad8-efc8-4849-a3aa-7efe4458a885)_(6): (52:135)len=84,0.012833502195204294,(aefcfad8-efc8-4849-a3aa-7efe4458a885)_(6): (51:134)len=84,0.3637284701114489,(4b0dbb41-8d52-48f1-a42c-3fe860e7a113)_(4): (177:181)len=5,0.0,(aefcfad8-efc8-4849-a3aa-7efe4458a885)_(6): (53:133)len=81,,,,,,,
6,,,,,,,,,,,,,0.012833502195204294,0.3637284701114489,0.0,,0.0,(aefcfad8-efc8-4849-a3aa-7efe4458a885)_(6): (52:136)len=85,0.012833502195204294,(aefcfad8-efc8-4849-a3aa-7efe4458a885)_(6): (51:135)len=85,0.3637284701114489,(6b65a6a4-8b81-48f6-a38a-088ca65ed389)_(2): (71:76)len=6,0.0,(aefcfad8-efc8-4849-a3aa-7efe4458a885)_(6): (53:134)len=82,,,,,,,
7,,,,,,"[0.45457616 0.46740966 0.46740966 0.45457616 0.45457616 0.45457616
 0.48058088 0.57142857 0.61060453 0.62343803 0.62343803 0.62343803
 0.62343803 0.63627153 0.64944276 0.64944276 0.64944276 0.64944276
 0.63627153 0.62343803 0.63627153 0.63627153 0.61060453 0.5845998
 0.54542384 0.49341439 0.50658561 0.50658561 0.50658561 0.49341439
 0.45457616 0.42857143 0.41573793 0.4025667  0.37656197 0.37656197
 0.33772374 0.29854779 0.27288078 0.24687606 0.24687606 0.24687606
 0.25970956 0.27288078 0.29854779 0.28571429 0.28571429 0.25970956
 0.24687606 0.22087133 0.2077001  0.2077001  0.24687606 0.24687606
 0.24687606 0.23370483 0.23370483 0.23370483 0.23370483 0.23370483
 0.22087133 0.23370483 0.27288078 0.31171901 0.35055724 0.35055724
 0.37656197 0.3897332  0.4025667  0.4025667  0.3897332  0.3897332
 0.35055724 0.33772374 0.33772374 0.35055724 0.3897332  0.3897332
 0.42857143 0.45457616 0.46740966 0.48058088]:b""\x8cd\xa5\x97\xc6\x17\xdd?_\x92\xb33\n\xea\xdd?_\x92\xb33\n\xea\xdd?\x8cd\xa5\x97\xc6\x17\xdd?\x8cd\xa5\x97\xc6\x17\xdd?\x8cd\xa5\x97\xc6\x17\xdd?=\x12\xddS\xd6\xc1\xde?\x92$I\x92$I\xe2?Z\xbby\x80\x12\x8a\xe3?C\xd2\x80N4\xf3\xe3?C\xd2\x80N4\xf3\xe3?C\xd2\x80N4\xf3\xe3?C\xd2\x80N4\xf3\xe3?-\xe9\x87\x1cV\\\xe4?\x1c\xa9\x9c,<\xc8\xe4?\x1c\xa9\x9c,<\xc8\xe4?\x1c\xa9\x9c,<\xc8\xe4?\x1c\xa9\x9c,<\xc8\xe4?-\xe9\x87\x1cV\\\xe4?C\xd2\x80N4\xf3\xe3?-\xe9\x87\x1cV\\\xe4?-\xe9\x87\x1cV\\\xe4?Z\xbby\x80\x12\x8a\xe3?\x81\xe4]\xa2\n\xb5\xe2?\xbaM-\xb4\x1ct\xe1?\x10@\xeb\xef\x19\x94\xdf?\xf8_\n\x08\xf35\xe0?\xf8_\n\x08\xf35\xe0?\xf8_\n\x08\xf35\xe0?\x10@\xeb\xef\x19\x94\xdf?\x8cd\xa5\x97\xc6\x17\xdd?\xda\xb6m\xdb\xb6m\xdb?\t\x89_?s\x9b\xda?)\t6\x1f\xa7\xc3\xd9?x[\xfeb\x97\x19\xd8?x[\xfeb\x97\x19\xd8?\xf4\x7f\xb8\nD\x9d\xd5?dRW.h\x1b\xd3?\xc0\xf6:\xf6\xe0v\xd1?\x1d\x92\x06t\xa2\x99\xcf?\x1d\x92\x06t\xa2\x99\xcf?\x1d\x92\x06t\xa2\x99\xcf?\xe1v\x11\xd6\x14\x9f\xd0?\xc0\xf6:\xf6\xe0v\xd1?dRW.h\x1b\xd3?\x92$I\x92$I\xd2?\x92$I\x92$I\xd2?\xe1v\x11\xd6\x14\x9f\xd0?\x1d\x92\x06t\xa2\x99\xcf?\xba6\x97\xfb\x82E\xcc?\xfc6D\xbb\xea\x95\xca?\xfc6D\xbb\xea\x95\xca?\x1d\x92\x06t\xa2\x99\xcf?\x1d\x92\x06t\xa2\x99\xcf?\x1d\x92\x06t\xa2\x99\xcf?_\x92\xb33\n\xea\xcd?_\x92\xb33\n\xea\xcd?_\x92\xb33\n\xea\xcd?_\x92\xb33\n\xea\xcd?_\x92\xb33\n\xea\xcd?\xba6\x97\xfb\x82E\xcc?_\x92\xb33\n\xea\xcd?\xc0\xf6:\xf6\xe0v\xd1?C\xd2\x80N4\xf3\xd3?\xc7\xad\xc6\xa6\x87o\xd6?\xc7\xad\xc6\xa6\x87o\xd6?x[\xfeb\x97\x19\xd8?V\xdb'\x83c\xf1\xd8?)\t6\x1f\xa7\xc3\xd9?)\t6\x1f\xa7\xc3\xd9?V\xdb'\x83c\xf1\xd8?V\xdb'\x83c\xf1\xd8?\xc7\xad\xc6\xa6\x87o\xd6?\xf4\x7f\xb8\nD\x9d\xd5?\xf4\x7f\xb8\nD\x9d\xd5?\xc7\xad\xc6\xa6\x87o\xd6?V\xdb'\x83c\xf1\xd8?V\xdb'\x83c\xf1\xd8?\xda\xb6m\xdb\xb6m\xdb?\x8cd\xa5\x97\xc6\x17\xdd?_\x92\xb33\n\xea\xdd?=\x12\xddS\xd6\xc1\xde?""",82.0,16.624456644058228,7.131747245788574,16.310694932937622,0.23801207542419434,,,,,,,,,,,,,,,,,,,,
8,,,,,,,,,,,,,0.01317122593718334,0.19520432286389733,0.0,,0.03883823032759204,(e2acf72f-9e57-4f7a-a0ee-89aed453dd32)_(4): (50:133)len=84,0.05200945626477538,(fc377a4c-4a15-444d-a5e7-ce8a3a578a8e)_(5): (4:76)len=73,0.23404255319148937,(bdd640fb-0667-4ad1-ac80-317fa3b1799d)_(1): (64:66)len=3,0.03883823032759204,(e2acf72f-9e57-4f7a-a0ee-89aed453dd32)_(4): (51:133)len=83,,,,,,,
9,,,,,,,,,,,,,0.01317122593718334,0.19520432286389733,0.0,,0.03883823032759204,(e2acf72f-9e57-4f7a-a0ee-89aed453dd32)_(4): (50:134)len=85,0.05200945626477538,(fc377a4c-4a15-444d-a5e7-ce8a3a578a8e)_(5): (4:77)len=74,0.23404255319148937,(bdd640fb-0667-4ad1-ac80-317fa3b1799d)_(1): (288:290)len=3,0.03883823032759204,(e2acf72f-9e57-4f7a-a0ee-89aed453dd32)_(4): (52:134)len=83,,,,,,,
10,,,,,,,,,,,,,0.013171225937183395,0.19520432286389733,0.0,,0.03883823032759204,(e2acf72f-9e57-4f7a-a0ee-89aed453dd32)_(4): (50:135)len=86,0.05200945626477543,(fc377a4c-4a15-444d-a5e7-ce8a3a578a8e)_(5): (4:75)len=72,0.23404255319148937,(bdd640fb-0667-4ad1-ac80-317fa3b1799d)_(1): (320:322)len=3,0.03883823032759204,(e2acf72f-9e57-4f7a-a0ee-89aed453dd32)_(4): (59:139)len=81,,,,,,,
11,,,,,,,,,,,,,0.05200945626477539,0.19520432286389733,0.0,,0.03883823032759204,(e2acf72f-9e57-4f7a-a0ee-89aed453dd32)_(4): (50:136)len=87,0.09084768659236743,(ff50bde4-3825-47b8-acab-cc97663f1c97)_(9): (36:104)len=69,0.23404255319148937,(23b8c1e9-3924-46de-aeb1-3b9046685257)_(1): (1:3)len=3,0.03883823032759204,(e2acf72f-9e57-4f7a-a0ee-89aed453dd32)_(4): (59:140)len=82,,,,,,,
12,,,,,,,,,,,,,0.05200945626477539,0.19520432286389733,0.0,,0.03883823032759204,(e2acf72f-9e57-4f7a-a0ee-89aed453dd32)_(4): (50:137)len=88,0.09084768659236743,(ff50bde4-3825-47b8-acab-cc97663f1c97)_(9): (36:105)len=70,0.23404255319148937,(23b8c1e9-3924-46de-aeb1-3b9046685257)_(1): (33:35)len=3,0.03883823032759204,(e2acf72f-9e57-4f7a-a0ee-89aed453dd32)_(4): (59:141)len=83,,,,,,,
13,,,,,,(29a3b2e9-5d65-4441-a588-42dea2bc372f)_(5): (53:58)len=6:b'\xbf\x9f\x1a/\xdd$\xd6?\xa4p=\n\xd7\xa3\xd8?\xc5 \xb0rh\x91\xdd?\x11X9\xb4\xc8v\xe2?\x11X9\xb4\xc8v\xe2?\xbf\x9f\x1a/\xdd$\xe6?',6.0,3.067410469055176,5.838364601135254,6.532048463821411,0.222031831741333,,,,,,,,,,,,,,,,,,,,
14,,,,,,,,,,,,,0.0,0.03917595406957111,0.0,,0.0,(29a3b2e9-5d65-4441-a588-42dea2bc372f)_(5): (50:58)len=9,0.0,(29a3b2e9-5d65-4441-a588-42dea2bc372f)_(5): (53:58)len=6,0.03917595406957111,(bf3c4c06-4343-48bc-a9fa-6a688fb5d27b)_(9): (104:106)len=3,0.0,(29a3b2e9-5d65-4441-a588-42dea2bc372f)_(5): (52:58)len=7,,,,,,,
15,,,,,,,,,,,,,0.013171225937183395,0.03917595406957111,0.0,,0.0,(29a3b2e9-5d65-4441-a588-42dea2bc372f)_(5): (51:58)len=8,0.013171225937183395,(aefcfad8-efc8-4849-a3aa-7efe4458a885)_(6): (123:146)len=24,0.03917595406957111,(bf3c4c06-4343-48bc-a9fa-6a688fb5d27b)_(9): (104:107)len=4,0.0,(29a3b2e9-5d65-4441-a588-42dea2bc372f)_(5): (53:58)len=6,,,,,,,
16,,,,,,,,,,,,,0.013171225937183395,0.03917595406957111,0.01283350219520435,,0.0,(29a3b2e9-5d65-4441-a588-42dea2bc372f)_(5): (52:58)len=7,0.013171225937183395,(aefcfad8-efc8-4849-a3aa-7efe4458a885)_(6): (123:147)len=25,0.03917595406957111,(bf3c4c06-4343-48bc-a9fa-6a688fb5d27b)_(9): (104:108)len=5,0.01283350219520435,(47378190-96da-4dac-a2ff-5d2a386ecbe0)_(2): (72:78)len=7,,,,,,,
17,,,,,,,,,,,,,0.013171225937183395,0.052009456264775406,0.01283350219520435,,0.0,(29a3b2e9-5d65-4441-a588-42dea2bc372f)_(5): (53:58)len=6,0.013171225937183395,(aefcfad8-efc8-4849-a3aa-7efe4458a885)_(6): (123:148)len=26,0.052009456264775406,(24933b83-7577-40a9-a491-f0b2ea1fca65)_(8): (38:40)len=3,0.01283350219520435,(e2acf72f-9e57-4f7a-a0ee-89aed453dd32)_(4): (115:119)len=5,,,,,,,
18,,,,,,,,,,,,,0.026342451874366707,0.039175954069571084,2.7755575615628914e-17,,0.012833502195204322,(405cacec-8774-49a9-a7d2-1e02ff01cf99)_(10): (85:97)len=13,0.03917595406957103,(29a3b2e9-5d65-4441-a588-42dea2bc372f)_(5): (53:59)len=7,0.052009456264775406,(24933b83-7577-40a9-a491-f0b2ea1fca65)_(8): (38:41)len=4,0.01283350219520435,(a9488d99-0bbb-4599-a1ce-5dd2b45ed1f0)_(5): (69:75)len=7,,,,,,,
19,,,,,,[0.25970956 0.24687606 0.22087133 0.2077001  0.2077001  0.24687606]:b'\xe1v\x11\xd6\x14\x9f\xd0?\x1d\x92\x06t\xa2\x99\xcf?\xba6\x97\xfb\x82E\xcc?\xfc6D\xbb\xea\x95\xca?\xfc6D\xbb\xea\x95\xca?\x1d\x92\x06t\xa2\x99\xcf?',6.0,3.093233108520508,6.41436505317688,9.388350248336792,0.22223448753356934,,,,,,,,,,,,,,,,,,,,
20,,,,,,,,,,,,,0.02600472813238769,0.012833502195204322,0.0,,0.013171225937183395,(17fc695a-07a0-4a6e-a822-e8f36c031199)_(1): (164:168)len=5,0.039175954069571084,(405cacec-8774-49a9-a7d2-1e02ff01cf99)_(10): (17:91)len=75,0.026004728132387717,(47378190-96da-4dac-a2ff-5d2a386ecbe0)_(2): (72:74)len=3,0.013171225937183395,(17fc695a-07a0-4a6e-a822-e8f36c031199)_(1): (164:168)len=5,,,,,,,
21,,,,,,,,,,,,,0.02600472813238769,0.012833502195204322,0.0,,0.013171225937183395,(98ae4334-6c12-4ce8-ae34-0454cac5b68c)_(10): (110:121)len=12,0.039175954069571084,(405cacec-8774-49a9-a7d2-1e02ff01cf99)_(10): (17:92)len=76,0.026004728132387717,(43b7a3a6-9a8d-4a03-a80d-7b71d8f56413)_(3): (78:80)len=3,0.013171225937183395,(98ae4334-6c12-4ce8-ae34-0454cac5b68c)_(10): (127:133)len=7,,,,,,,
22,,,,,,,,,,,,,0.02600472813238769,0.012833502195204322,0.0,,0.013171225937183395,(98ae4334-6c12-4ce8-ae34-0454cac5b68c)_(10): (110:122)len=13,0.039175954069571084,(405cacec-8774-49a9-a7d2-1e02ff01cf99)_(10): (17:93)len=77,0.026004728132387717,(a9488d99-0bbb-4599-a1ce-5dd2b45ed1f0)_(5): (52:54)len=3,0.013171225937183395,(98ae4334-6c12-4ce8-ae34-0454cac5b68c)_(10): (128:134)len=7,,,,,,,
23,,,,,,,,,,,,,0.02600472813238769,0.025667004390408643,0.0,,0.013171225937183395,(98ae4334-6c12-4ce8-ae34-0454cac5b68c)_(10): (110:123)len=14,0.039175954069571084,(405cacec-8774-49a9-a7d2-1e02ff01cf99)_(10): (15:92)len=78,0.03883823032759204,(bdd640fb-0667-4ad1-ac80-317fa3b1799d)_(1): (128:130)len=3,0.013171225937183395,(98ae4334-6c12-4ce8-ae34-0454cac5b68c)_(10): (128:133)len=6,,,,,,,
24,,,,,,,,,,,,,0.02600472813238769,0.025667004390408643,0.0,,0.013171225937183395,(98ae4334-6c12-4ce8-ae34-0454cac5b68c)_(10): (110:124)len=15,0.039175954069571084,(405cacec-8774-49a9-a7d2-1e02ff01cf99)_(10): (15:93)len=79,0.03883823032759204,(e2acf72f-9e57-4f7a-a0ee-89aed453dd32)_(4): (114:116)len=3,0.013171225937183395,(98ae4334-6c12-4ce8-ae34-0454cac5b68c)_(10): (129:135)len=7,,,,,,,
25,,,,,,"(988c24c9-61b1-4d22-a280-1c4510435a10)_(10): (12:137)len=126:b'\xc5 \xb0rh\x91\xcd?\x83\xc0\xca\xa1E\xb6\xc3?\xfa~j\xbct\x93\xc8?\xfa~j\xbct\x93\xc8?\x83\xc0\xca\xa1E\xb6\xd3?\xa4p=\n\xd7\xa3\xd8?\xdfO\x8d\x97n\x12\xdb?\xdfO\x8d\x97n\x12\xdb?\xdfO\x8d\x97n\x12\xdb?\xdfO\x8d\x97n\x12\xdb?\xdfO\x8d\x97n\x12\xdb?\xdfO\x8d\x97n\x12\xdb?\xdfO\x8d\x97n\x12\xdb?\xc5 \xb0rh\x91\xdd?\x00\x00\x00\x00\x00\x00\xe0?\x9d\xef\xa7\xc6K7\xe1?\x9d\xef\xa7\xc6K7\xe1?\x9d\xef\xa7\xc6K7\xe1?\xaeG\xe1z\x14\xae\xe3?\x11X9\xb4\xc8v\xe2?\x9d\xef\xa7\xc6K7\xe1?\x9d\xef\xa7\xc6K7\xe1?\x9d\xef\xa7\xc6K7\xe1?\x9d\xef\xa7\xc6K7\xe1?\x9d\xef\xa7\xc6K7\xe1?\x00\x00\x00\x00\x00\x00\xe0?\x9d\xef\xa7\xc6K7\xe1?\x9d\xef\xa7\xc6K7\xe1?\xaeG\xe1z\x14\xae\xe3?\xaeG\xe1z\x14\xae\xe3?\x11X9\xb4\xc8v\xe2?\xbf\x9f\x1a/\xdd$\xe6?\x11X9\xb4\xc8v\xe2?\x11X9\xb4\xc8v\xe2?\x11X9\xb4\xc8v\xe2?\xaeG\xe1z\x14\xae\xe3?A`\xe5\xd0""\xdb\xe9?\xef\xa7\xc6K7\x89\xed?\xcf\xf7S\xe3\xa5\x9b\xf0?\xcf\xf7S\xe3\xa5\x9b\xf0?R\xb8\x1e\x85\xebQ\xec?\xcf\xf7S\xe3\xa5\x9b\xe8?\xcf\xf7S\xe3\xa5\x9b\xe8?\xcf\xf7S\xe3\xa5\x9b\xe8?\xbf\x9f\x1a/\xdd$\xe6?\xaeG\xe1z\x14\xae\xe3?\xaeG\xe1z\x14\xae\xe3?\x00\x00\x00\x00\x00\x00\xe0?\xa4p=\n\xd7\xa3\xd8?\x83\xc0\xca\xa1E\xb6\xd3?\xc5 \xb0rh\x91\xcd?\xc5 \xb0rh\x91\xcd?\xfa~j\xbct\x93\xc8?q=\n\xd7\xa3p\xbd?q=\n\xd7\xa3p\xbd?\xdb\xf9~j\xbct\xa3?\x00\x00\x00\x00\x00\x00\x00\x00\xdb\xf9~j\xbct\xa3?\xdb\xf9~j\xbct\xa3?\xdb\xf9~j\xbct\xa3?\xdb\xf9~j\xbct\xa3?\xdb\xf9~j\xbct\xa3?q=\n\xd7\xa3p\xbd?\x83\xc0\xca\xa1E\xb6\xc3?\x83\xc0\xca\xa1E\xb6\xc3?\xfa~j\xbct\x93\xc8?\x9d\xef\xa7\xc6K7\xd1?\x83\xc0\xca\xa1E\xb6\xd3?\x83\xc0\xca\xa1E\xb6\xd3?\xa4p=\n\xd7\xa3\xd8?\xdfO\x8d\x97n\x12\xdb?\x9d\xef\xa7\xc6K7\xe1?\xaeG\xe1z\x14\xae\xe3?\xaeG\xe1z\x14\xae\xe3?\x11X9\xb4\xc8v\xe2?\x11X9\xb4\xc8v\xe2?\xdfO\x8d\x97n\x12\xdb?\xbf\x9f\x1a/\xdd$\xd6?\x9d\xef\xa7\xc6K7\xd1?\xc5 \xb0rh\x91\xcd?\xfa~j\xbct\x93\xc8?\xfa~j\xbct\x93\xc8?\x83\xc0\xca\xa1E\xb6\xc3?\x83\xc0\xca\xa1E\xb6\xc3?\xfa~j\xbct\x93\xc8?\x9d\xef\xa7\xc6K7\xd1?\x83\xc0\xca\xa1E\xb6\xd3?\x83\xc0\xca\xa1E\xb6\xd3?\x83\xc0\xca\xa1E\xb6\xd3?\x9d\xef\xa7\xc6K7\xd1?\x9d\xef\xa7\xc6K7\xd1?\x9d\xef\xa7\xc6K7\xd1?\x83\xc0\xca\xa1E\xb6\xd3?\x83\xc0\xca\xa1E\xb6\xd3?\x83\xc0\xca\xa1E\xb6\xd3?\x83\xc0\xca\xa1E\xb6\xd3?\x9d\xef\xa7\xc6K7\xd1?\x83\xc0\xca\xa1E\xb6\xd3?\x83\xc0\xca\xa1E\xb6\xd3?\x83\xc0\xca\xa1E\xb6\xd3?\xa4p=\n\xd7\xa3\xd8?\xbf\x9f\x1a/\xdd$\xd6?\xbf\x9f\x1a/\xdd$\xd6?\x83\xc0\xca\xa1E\xb6\xd3?\x9d\xef\xa7\xc6K7\xd1?\x9d\xef\xa7\xc6K7\xd1?\x9d\xef\xa7\xc6K7\xd1?\x9d\xef\xa7\xc6K7\xd1?\xfa~j\xbct\x93\xc8?\xc5 \xb0rh\x91\xcd?\xbf\x9f\x1a/\xdd$\xd6?\x9d\xef\xa7\xc6K7\xd1?\x9d\xef\xa7\xc6K7\xd1?\x83\xc0\xca\xa1E\xb6\xc3?\x83\xc0\xca\xa1E\xb6\xb3?q=\n\xd7\xa3p\xbd?\xfa~j\xbct\x93\xc8?\xfa~j\xbct\x93\xc8?\xc5 \xb0rh\x91\xcd?\xfa~j\xbct\x93\xc8?\x83\xc0\xca\xa1E\xb6\xc3?q=\n\xd7\xa3p\xbd?\x83\xc0\xca\xa1E\xb6\xc3?\x83\xc0\xca\xa1E\xb6\xc3?\x83\xc0\xca\xa1E\xb6\xc3?q=\n\xd7\xa3p\xbd?'",126.0,4.715064525604248,5.7749693393707275,6.7409281730651855,0.21423888206481934,,,,,,,,,,,,,,,,,,,,
26,,,,,,,,,,,,,0.0,0.18169537318473483,0.0,,0.0,(988c24c9-61b1-4d22-a280-1c4510435a10)_(10): (12:137)len=126,0.0,(988c24c9-61b1-4d22-a280-1c4510435a10)_(10): (12:137)len=126,0.18169537318473483,(c241330b-01a9-471f-ae8a-774bcf36d58b)_(2): (105:107)len=3,0.0,(988c24c9-61b1-4d22-a280-1c4510435a10)_(10): (12:137)len=126,,,,,,,
27,,,,,,,,,,,,,0.0,0.18169537318473483,0.0,,0.0,(988c24c9-61b1-4d22-a280-1c4510435a10)_(10): (12:138)len=127,0.0,(988c24c9-61b1-4d22-a280-1c4510435a10)_(10): (12:138)len=127,0.18169537318473483,(371ecd7b-27cd-4130-a722-9389571aa876)_(3): (43:45)len=3,0.0,(988c24c9-61b1-4d22-a280-1c4510435a10)_(10): (12:138)len=127,,,,,,,
28,,,,,,,,,,,,,0.013171225937183423,0.1816953731847349,0.0,,0.012833502195204294,(988c24c9-61b1-4d22-a280-1c4510435a10)_(10): (11:137)len=127,0.026004728132387717,(988c24c9-61b1-4d22-a280-1c4510435a10)_(10): (12:139)len=128,0.19452887537993918,(17fc695a-07a0-4a6e-a822-e8f36c031199)_(1): (164:166)len=3,0.012833502195204294,(988c24c9-61b1-4d22-a280-1c4510435a10)_(10): (11:137)len=127,,,,,,,
29,,,,,,,,,,,,,0.013171225937183423,0.1816953731847349,0.0003377237419790735,,0.012833502195204294,(988c24c9-61b1-4d22-a280-1c4510435a10)_(10): (11:138)len=128,0.026004728132387717,(988c24c9-61b1-4d22-a280-1c4510435a10)_(10): (11:139)len=129,0.19452887537993918,(1a2a73ed-562b-4f79-a374-59eef50bea63)_(3): (76:78)len=3,0.013171225937183367,(988c24c9-61b1-4d22-a280-1c4510435a10)_(10): (11:136)len=126,,,,,,,
30,,,,,,,,,,,,,0.012833502195204377,0.18135764944275581,0.0,,0.013171225937183367,(988c24c9-61b1-4d22-a280-1c4510435a10)_(10): (11:134)len=124,0.026004728132387744,(988c24c9-61b1-4d22-a280-1c4510435a10)_(10): (13:135)len=123,0.19452887537993918,(a9488d99-0bbb-4599-a1ce-5dd2b45ed1f0)_(5): (52:54)len=3,0.013171225937183367,(988c24c9-61b1-4d22-a280-1c4510435a10)_(10): (11:135)len=125,,,,,,,
31,,,,,,"[0.42857143 0.44174265 0.44174265 0.44174265 0.44174265 0.42857143
 0.4025667  0.37656197 0.33772374 0.32455252 0.31171901 0.31171901
 0.31171901 0.31171901 0.31171901 0.32455252 0.29854779 0.27288078
 0.27288078 0.25970956 0.22087133 0.22087133 0.23370483 0.24687606
 0.24687606 0.25970956 0.25970956 0.27288078 0.28571429 0.28571429
 0.29854779 0.32455252 0.32455252 0.36372847 0.3897332  0.3897332
 0.3897332  0.3897332  0.4025667  0.41573793 0.44174265 0.46740966
 0.46740966 0.49341439 0.53259034 0.55859507 0.57142857 0.5845998
 0.57142857 0.57142857 0.54542384 0.53259034 0.51941912 0.50658561
 0.50658561 0.49341439 0.49341439 0.49341439 0.49341439 0.46740966
 0.45457616 0.44174265 0.42857143 0.42857143 0.41573793 0.41573793
 0.41573793 0.41573793 0.41573793 0.41573793 0.41573793 0.4025667
 0.3897332  0.37656197 0.36372847 0.37656197 0.37656197 0.4025667
 0.41573793 0.44174265 0.46740966 0.48058088 0.48058088 0.48058088
 0.46740966 0.45457616 0.44174265 0.44174265 0.42857143 0.42857143
 0.42857143 0.41573793 0.41573793 0.42857143 0.44174265 0.44174265
 0.41573793 0.41573793 0.4025667  0.41573793 0.42857143 0.42857143
 0.42857143 0.42857143 0.42857143 0.42857143 0.42857143 0.42857143
 0.42857143 0.42857143 0.42857143 0.42857143 0.42857143 0.42857143
 0.42857143 0.42857143 0.44174265 0.44174265 0.45457616 0.46740966
 0.46740966 0.46740966 0.46740966 0.45457616 0.45457616 0.42857143]:b""\xda\xb6m\xdb\xb6m\xdb?\xba6\x97\xfb\x82E\xdc?\xba6\x97\xfb\x82E\xdc?\xba6\x97\xfb\x82E\xdc?\xba6\x97\xfb\x82E\xdc?\xda\xb6m\xdb\xb6m\xdb?)\t6\x1f\xa7\xc3\xd9?x[\xfeb\x97\x19\xd8?\xf4\x7f\xb8\nD\x9d\xd5?\x16\x00\x8f\xeaw\xc5\xd4?C\xd2\x80N4\xf3\xd3?C\xd2\x80N4\xf3\xd3?C\xd2\x80N4\xf3\xd3?C\xd2\x80N4\xf3\xd3?C\xd2\x80N4\xf3\xd3?\x16\x00\x8f\xeaw\xc5\xd4?dRW.h\x1b\xd3?\xc0\xf6:\xf6\xe0v\xd1?\xc0\xf6:\xf6\xe0v\xd1?\xe1v\x11\xd6\x14\x9f\xd0?\xba6\x97\xfb\x82E\xcc?\xba6\x97\xfb\x82E\xcc?_\x92\xb33\n\xea\xcd?\x1d\x92\x06t\xa2\x99\xcf?\x1d\x92\x06t\xa2\x99\xcf?\xe1v\x11\xd6\x14\x9f\xd0?\xe1v\x11\xd6\x14\x9f\xd0?\xc0\xf6:\xf6\xe0v\xd1?\x92$I\x92$I\xd2?\x92$I\x92$I\xd2?dRW.h\x1b\xd3?\x16\x00\x8f\xeaw\xc5\xd4?\x16\x00\x8f\xeaw\xc5\xd4?\xa5-\xf0\xc6SG\xd7?V\xdb'\x83c\xf1\xd8?V\xdb'\x83c\xf1\xd8?V\xdb'\x83c\xf1\xd8?V\xdb'\x83c\xf1\xd8?)\t6\x1f\xa7\xc3\xd9?\t\x89_?s\x9b\xda?\xba6\x97\xfb\x82E\xdc?_\x92\xb33\n\xea\xdd?_\x92\xb33\n\xea\xdd?\x10@\xeb\xef\x19\x94\xdf?\xd06&\xe6\xfa\n\xe1?\xa9\rB\xc4\x02\xe0\xe1?\x92$I\x92$I\xe2?\x81\xe4]\xa2\n\xb5\xe2?\x92$I\x92$I\xe2?\x92$I\x92$I\xe2?\xbaM-\xb4\x1ct\xe1?\xd06&\xe6\xfa\n\xe1?\xe1v\x11\xd6\x14\x9f\xe0?\xf8_\n\x08\xf35\xe0?\xf8_\n\x08\xf35\xe0?\x10@\xeb\xef\x19\x94\xdf?\x10@\xeb\xef\x19\x94\xdf?\x10@\xeb\xef\x19\x94\xdf?\x10@\xeb\xef\x19\x94\xdf?_\x92\xb33\n\xea\xdd?\x8cd\xa5\x97\xc6\x17\xdd?\xba6\x97\xfb\x82E\xdc?\xda\xb6m\xdb\xb6m\xdb?\xda\xb6m\xdb\xb6m\xdb?\t\x89_?s\x9b\xda?\t\x89_?s\x9b\xda?\t\x89_?s\x9b\xda?\t\x89_?s\x9b\xda?\t\x89_?s\x9b\xda?\t\x89_?s\x9b\xda?\t\x89_?s\x9b\xda?)\t6\x1f\xa7\xc3\xd9?V\xdb'\x83c\xf1\xd8?x[\xfeb\x97\x19\xd8?\xa5-\xf0\xc6SG\xd7?x[\xfeb\x97\x19\xd8?x[\xfeb\x97\x19\xd8?)\t6\x1f\xa7\xc3\xd9?\t\x89_?s\x9b\xda?\xba6\x97\xfb\x82E\xdc?_\x92\xb33\n\xea\xdd?=\x12\xddS\xd6\xc1\xde?=\x12\xddS\xd6\xc1\xde?=\x12\xddS\xd6\xc1\xde?_\x92\xb33\n\xea\xdd?\x8cd\xa5\x97\xc6\x17\xdd?\xba6\x97\xfb\x82E\xdc?\xba6\x97\xfb\x82E\xdc?\xda\xb6m\xdb\xb6m\xdb?\xda\xb6m\xdb\xb6m\xdb?\xda\xb6m\xdb\xb6m\xdb?\t\x89_?s\x9b\xda?\t\x89_?s\x9b\xda?\xda\xb6m\xdb\xb6m\xdb?\xba6\x97\xfb\x82E\xdc?\xba6\x97\xfb\x82E\xdc?\t\x89_?s\x9b\xda?\t\x89_?s\x9b\xda?)\t6\x1f\xa7\xc3\xd9?\t\x89_?s\x9b\xda?\xda\xb6m\xdb\xb6m\xdb?\xda\xb6m\xdb\xb6m\xdb?\xda\xb6m\xdb\xb6m\xdb?\xda\xb6m\xdb\xb6m\xdb?\xda\xb6m\xdb\xb6m\xdb?\xda\xb6m\xdb\xb6m\xdb?\xda\xb6m\xdb\xb6m\xdb?\xda\xb6m\xdb\xb6m\xdb?\xda\xb6m\xdb\xb6m\xdb?\xda\xb6m\xdb\xb6m\xdb?\xda\xb6m\xdb\xb6m\xdb?\xda\xb6m\xdb\xb6m\xdb?\xda\xb6m\xdb\xb6m\xdb?\xda\xb6m\xdb\xb6m\xdb?\xda\xb6m\xdb\xb6m\xdb?\xda\xb6m\xdb\xb6m\xdb?\xba6\x97\xfb\x82E\xdc?\xba6\x97\xfb\x82E\xdc?\x8cd\xa5\x97\xc6\x17\xdd?_\x92\xb33\n\xea\xdd?_\x92\xb33\n\xea\xdd?_\x92\xb33\n\xea\xdd?_\x92\xb33\n\xea\xdd?\x8cd\xa5\x97\xc6\x17\xdd?\x8cd\xa5\x97\xc6\x17\xdd?\xda\xb6m\xdb\xb6m\xdb?""",126.0,5.000412225723267,10.534656286239624,6.821174383163452,0.20097970962524414,,,,,,,,,,,,,,,,,,,,
32,,,,,,,,,,,,,0.02600472813238769,0.15602836879432613,0.0,,0.05200945626477549,(dc713d96-0c0f-4195-a17a-f08a1745d6d8)_(9): (56:139)len=84,0.07801418439716318,(759cde66-bacf-43d0-ab1f-9163ce9ff57f)_(4): (85:147)len=63,0.20803782505910162,(23b8c1e9-3924-46de-aeb1-3b9046685257)_(1): (161:163)len=3,0.05200945626477549,(dc713d96-0c0f-4195-a17a-f08a1745d6d8)_(9): (56:180)len=125,,,,,,,
33,,,,,,,,,,,,,0.02600472813238769,0.16886187098953048,0.0,,0.05200945626477549,(dc713d96-0c0f-4195-a17a-f08a1745d6d8)_(9): (56:140)len=85,0.07801418439716318,(759cde66-bacf-43d0-ab1f-9163ce9ff57f)_(4): (85:148)len=64,0.22087132725430597,(bdd640fb-0667-4ad1-ac80-317fa3b1799d)_(1): (64:66)len=3,0.05200945626477549,(dc713d96-0c0f-4195-a17a-f08a1745d6d8)_(9): (56:181)len=126,,,,,,,
34,,,,,,,,,,,,,0.02600472813238769,0.16886187098953048,0.0,,0.05200945626477549,(dc713d96-0c0f-4195-a17a-f08a1745d6d8)_(9): (56:141)len=86,0.07801418439716318,(759cde66-bacf-43d0-ab1f-9163ce9ff57f)_(4): (85:149)len=65,0.22087132725430597,(bdd640fb-0667-4ad1-ac80-317fa3b1799d)_(1): (288:290)len=3,0.05200945626477549,(dc713d96-0c0f-4195-a17a-f08a1745d6d8)_(9): (56:182)len=127,,,,,,,
35,,,,,,,,,,,,,0.03883823032759193,0.16886187098953048,0.0,,0.05200945626477549,(dc713d96-0c0f-4195-a17a-f08a1745d6d8)_(9): (56:142)len=87,0.09084768659236742,(759cde66-bacf-43d0-ab1f-9163ce9ff57f)_(4): (84:146)len=63,0.22087132725430597,(bdd640fb-0667-4ad1-ac80-317fa3b1799d)_(1): (320:322)len=3,0.05200945626477549,(dc713d96-0c0f-4195-a17a-f08a1745d6d8)_(9): (57:181)len=125,,,,,,,
36,,,,,,,,,,,,,0.03883823032759193,0.16886187098953048,0.0,,0.05200945626477549,(dc713d96-0c0f-4195-a17a-f08a1745d6d8)_(9): (56:143)len=88,0.09084768659236742,(759cde66-bacf-43d0-ab1f-9163ce9ff57f)_(4): (84:147)len=64,0.22087132725430597,(23b8c1e9-3924-46de-aeb1-3b9046685257)_(1): (1:3)len=3,0.05200945626477549,(dc713d96-0c0f-4195-a17a-f08a1745d6d8)_(9): (57:182)len=126,,,,,,,
37,,,,,,"(23b8c1e9-3924-46de-aeb1-3b9046685257)_(1): (16:249)len=234:b'\x00\x00\x00\x00\x00\x00\xf0?\x00\x00\x00\x00\x00\x00\xf0?\xcf\xf7S\xe3\xa5\x9b\xf0?\x00\x00\x00\x00\x00\x00\xf0?c\x10X9\xb4\xc8\xee?\xef\xa7\xc6K7\x89\xed?\xef\xa7\xc6K7\x89\xed?\xef\xa7\xc6K7\x89\xed?c\x10X9\xb4\xc8\xee?\x00\x00\x00\x00\x00\x00\xf0?\x00\x00\x00\x00\x00\x00\xf0?\x00\x00\x00\x00\x00\x00\xf0?\x00\x00\x00\x00\x00\x00\xf0?\x00\x00\x00\x00\x00\x00\xf0?\x00\x00\x00\x00\x00\x00\xf0?\x00\x00\x00\x00\x00\x00\xf0?c\x10X9\xb4\xc8\xee?c\x10X9\xb4\xc8\xee?c\x10X9\xb4\xc8\xee?c\x10X9\xb4\xc8\xee?c\x10X9\xb4\xc8\xee?\x00\x00\x00\x00\x00\x00\xf0?\xcf\xf7S\xe3\xa5\x9b\xf0?\xcf\xf7S\xe3\xa5\x9b\xf0?\x00\x00\x00\x00\x00\x00\xf0?\x00\x00\x00\x00\x00\x00\xf0?\x00\x00\x00\x00\x00\x00\xf0?\xcf\xf7S\xe3\xa5\x9b\xf0?\x00\x00\x00\x00\x00\x00\xf0?\x00\x00\x00\x00\x00\x00\xf0?c\x10X9\xb4\xc8\xee?c\x10X9\xb4\xc8\xee?c\x10X9\xb4\xc8\xee?c\x10X9\xb4\xc8\xee?c\x10X9\xb4\xc8\xee?\x00\x00\x00\x00\x00\x00\xf0?\x00\x00\x00\x00\x00\x00\xf0?c\x10X9\xb4\xc8\xee?c\x10X9\xb4\xc8\xee?c\x10X9\xb4\xc8\xee?\x00\x00\x00\x00\x00\x00\xf0?\x00\x00\x00\x00\x00\x00\xf0?\xcf\xf7S\xe3\xa5\x9b\xf0?\x00\x00\x00\x00\x00\x00\xf0?\x00\x00\x00\x00\x00\x00\xf0?c\x10X9\xb4\xc8\xee?c\x10X9\xb4\xc8\xee?c\x10X9\xb4\xc8\xee?c\x10X9\xb4\xc8\xee?c\x10X9\xb4\xc8\xee?c\x10X9\xb4\xc8\xee?c\x10X9\xb4\xc8\xee?c\x10X9\xb4\xc8\xee?c\x10X9\xb4\xc8\xee?\x00\x00\x00\x00\x00\x00\xf0?\x00\x00\x00\x00\x00\x00\xf0?\x00\x00\x00\x00\x00\x00\xf0?\x00\x00\x00\x00\x00\x00\xf0?\x00\x00\x00\x00\x00\x00\xf0?\x00\x00\x00\x00\x00\x00\xf0?c\x10X9\xb4\xc8\xee?c\x10X9\xb4\xc8\xee?\x00\x00\x00\x00\x00\x00\xf0?c\x10X9\xb4\xc8\xee?c\x10X9\xb4\xc8\xee?c\x10X9\xb4\xc8\xee?\x00\x00\x00\x00\x00\x00\xf0?\x00\x00\x00\x00\x00\x00\xf0?\x00\x00\x00\x00\x00\x00\xf0?\x00\x00\x00\x00\x00\x00\xf0?\x00\x00\x00\x00\x00\x00\xf0?\x00\x00\x00\x00\x00\x00\xf0?\x00\x00\x00\x00\x00\x00\xf0?\x00\x00\x00\x00\x00\x00\xf0?c\x10X9\xb4\xc8\xee?c\x10X9\xb4\xc8\xee?\x00\x00\x00\x00\x00\x00\xf0?\x00\x00\x00\x00\x00\x00\xf0?\x00\x00\x00\x00\x00\x00\xf0?\x00\x00\x00\x00\x00\x00\xf0?\x00\x00\x00\x00\x00\x00\xf0?\x00\x00\x00\x00\x00\x00\xf0?\x00\x00\x00\x00\x00\x00\xf0?\x00\x00\x00\x00\x00\x00\xf0?\x00\x00\x00\x00\x00\x00\xf0?\x00\x00\x00\x00\x00\x00\xf0?\x00\x00\x00\x00\x00\x00\xf0?\x00\x00\x00\x00\x00\x00\xf0?c\x10X9\xb4\xc8\xee?\x00\x00\x00\x00\x00\x00\xf0?\x00\x00\x00\x00\x00\x00\xf0?c\x10X9\xb4\xc8\xee?c\x10X9\xb4\xc8\xee?c\x10X9\xb4\xc8\xee?\x00\x00\x00\x00\x00\x00\xf0?\xcf\xf7S\xe3\xa5\x9b\xf0?\x00\x00\x00\x00\x00\x00\xf0?\x00\x00\x00\x00\x00\x00\xf0?\x00\x00\x00\x00\x00\x00\xf0?c\x10X9\xb4\xc8\xee?\x00\x00\x00\x00\x00\x00\xf0?\x00\x00\x00\x00\x00\x00\xf0?c\x10X9\xb4\xc8\xee?\x00\x00\x00\x00\x00\x00\xf0?\x00\x00\x00\x00\x00\x00\xf0?c\x10X9\xb4\xc8\xee?c\x10X9\xb4\xc8\xee?\x00\x00\x00\x00\x00\x00\xf0?\x00\x00\x00\x00\x00\x00\xf0?\xcf\xf7S\xe3\xa5\x9b\xf0?\xcf\xf7S\xe3\xa5\x9b\xf0?\xcf\xf7S\xe3\xa5\x9b\xf0?\xcf\xf7S\xe3\xa5\x9b\xf0?\xcf\xf7S\xe3\xa5\x9b\xf0?)\\\x8f\xc2\xf5(\xf6?\x00\x00\x00\x00\x00\x00\xf8?)\\\x8f\xc2\xf5(\xf6?)\\\x8f\xc2\xf5(\xf6?\xdfO\x8d\x97n\x12\xf3?!\xb0rh\x91\xed\xf4?\xf8S\xe3\xa5\x9b\xc4\xf6?\xf8S\xe3\xa5\x9b\xc4\xf6?)\\\x8f\xc2\xf5(\xf6?)\\\x8f\xc2\xf5(\xf6?\xe8\xfb\xa9\xf1\xd2M\xf4?\x11X9\xb4\xc8v\xf2?\x11X9\xb4\xc8v\xf2?\xe8\xfb\xa9\xf1\xd2M\xf4?\xe8\xfb\xa9\xf1\xd2M\xf4?\xe8\xfb\xa9\xf1\xd2M\xf4?\x18\x04V\x0e-\xb2\xf3?\x11X9\xb4\xc8v\xf2?\x11X9\xb4\xc8v\xf2?\xdfO\x8d\x97n\x12\xf3?\xdfO\x8d\x97n\x12\xf3?\x08\xac\x1cZd;\xf1?\x08\xac\x1cZd;\xf1?c\x10X9\xb4\xc8\xee?R\xb8\x1e\x85\xebQ\xec?R\xb8\x1e\x85\xebQ\xec?R\xb8\x1e\x85\xebQ\xec?R\xb8\x1e\x85\xebQ\xec?R\xb8\x1e\x85\xebQ\xec?A`\xe5\xd0""\xdb\xe9?1\x08\xac\x1cZd\xe7?\xbf\x9f\x1a/\xdd$\xe6?1\x08\xac\x1cZd\xe7?\xcf\xf7S\xe3\xa5\x9b\xe8?\xcf\xf7S\xe3\xa5\x9b\xe8?1\x08\xac\x1cZd\xe7?\x9d\xef\xa7\xc6K7\xe1?\xdfO\x8d\x97n\x12\xdb?\xa4p=\n\xd7\xa3\xd8?\xc5 \xb0rh\x91\xdd?\xc5 \xb0rh\x91\xdd?\x00\x00\x00\x00\x00\x00\xe0?\xdfO\x8d\x97n\x12\xdb?\x83\xc0\xca\xa1E\xb6\xd3?\x83\xc0\xca\xa1E\xb6\xd3?\xc5 \xb0rh\x91\xdd?\x11X9\xb4\xc8v\xe2?\x11X9\xb4\xc8v\xe2?\x11X9\xb4\xc8v\xe2?\x9d\xef\xa7\xc6K7\xe1?\xdfO\x8d\x97n\x12\xdb?\xbf\x9f\x1a/\xdd$\xd6?\xa4p=\n\xd7\xa3\xd8?\xc5 \xb0rh\x91\xdd?\xc5 \xb0rh\x91\xdd?\xc5 \xb0rh\x91\xdd?\xa4p=\n\xd7\xa3\xd8?\xbf\x9f\x1a/\xdd$\xd6?\xdfO\x8d\x97n\x12\xdb?\x11X9\xb4\xc8v\xe2?\xbf\x9f\x1a/\xdd$\xe6?\xbf\x9f\x1a/\xdd$\xe6?\xcf\xf7S\xe3\xa5\x9b\xe8?1\x08\xac\x1cZd\xe7?\xcf\xf7S\xe3\xa5\x9b\xe8?\xcf\xf7S\xe3\xa5\x9b\xe8?\xcf\xf7S\xe3\xa5\x9b\xe8?\xcf\xf7S\xe3\xa5\x9b\xe8?\xcf\xf7S\xe3\xa5\x9b\xe8?A`\xe5\xd0""\xdb\xe9?c\x10X9\xb4\xc8\xee?\x11X9\xb4\xc8v\xf2?!\xb0rh\x91\xed\xf4?\xe8\xfb\xa9\xf1\xd2M\xf4?\xe8\xfb\xa9\xf1\xd2M\xf4?\xdfO\x8d\x97n\x12\xf3?\xd7\xa3p=\n\xd7\xf1?\x11X9\xb4\xc8v\xf2?\xdfO\x8d\x97n\x12\xf3?\xdfO\x8d\x97n\x12\xf3?\xdfO\x8d\x97n\x12\xf3?\xdfO\x8d\x97n\x12\xf3?\xdfO\x8d\x97n\x12\xf3?\xe8\xfb\xa9\xf1\xd2M\xf4?)\\\x8f\xc2\xf5(\xf6?)\\\x8f\xc2\xf5(\xf6?)\\\x8f\xc2\xf5(\xf6?\xef\xa7\xc6K7\x89\xf5?\x18\x04V\x0e-\xb2\xf3?\xdfO\x8d\x97n\x12\xf3?\xef\xa7\xc6K7\x89\xf5?\xf8S\xe3\xa5\x9b\xc4\xfe?\x04V\x0e-\xb2\x9d\x00@\x04V\x0e-\xb2\x9d\x00@\x04V\x0e-\xb2\x9d\x00@1\x08\xac\x1cZd\xff?\x08\xac\x1cZd;\xf9?\x08\xac\x1cZd;\xf9?\xef\xa7\xc6K7\x89\xed?\xcf\xf7S\xe3\xa5\x9b\xe8?\xcf\xf7S\xe3\xa5\x9b\xe8?!\xb0rh\x91\xed\xe4?\xbf\x9f\x1a/\xdd$\xe6?\xbf\x9f\x1a/\xdd$\xe6?1\x08\xac\x1cZd\xe7?A`\xe5\xd0""\xdb\xe9?A`\xe5\xd0""\xdb\xe9?\xef\xa7\xc6K7\x89\xed?\x08\xac\x1cZd;\xf1?\xdfO\x8d\x97n\x12\xf3?\xe8\xfb\xa9\xf1\xd2M\xf4?\xe8\xfb\xa9\xf1\xd2M\xf4?\x11X9\xb4\xc8v\xf2?\x11X9\xb4\xc8v\xf2?\xcf\xf7S\xe3\xa5\x9b\xf0?c\x10X9\xb4\xc8\xee?c\x10X9\xb4\xc8\xee?c\x10X9\xb4\xc8\xee?\xef\xa7\xc6K7\x89\xed?\xef\xa7\xc6K7\x89\xed?'",234.0,5.7445807456970215,8.080758094787598,13.099600553512573,0.19609308242797852,,,,,,,,,,,,,,,,,,,,
38,,,,,,,,,,,,,0.0,0.24687605538669366,0.0,,0.0,(23b8c1e9-3924-46de-aeb1-3b9046685257)_(1): (16:248)len=233,0.0,(23b8c1e9-3924-46de-aeb1-3b9046685257)_(1): (16:249)len=234,0.24687605538669366,(23b8c1e9-3924-46de-aeb1-3b9046685257)_(1): (129:131)len=3,0.0,(23b8c1e9-3924-46de-aeb1-3b9046685257)_(1): (16:248)len=233,,,,,,,
39,,,,,,,,,,,,,0.0,0.31171901384667333,0.0,,0.0,(23b8c1e9-3924-46de-aeb1-3b9046685257)_(1): (16:249)len=234,0.0,(23b8c1e9-3924-46de-aeb1-3b9046685257)_(1): (16:250)len=235,0.31171901384667333,(bdd640fb-0667-4ad1-ac80-317fa3b1799d)_(1): (192:194)len=3,0.0,(23b8c1e9-3924-46de-aeb1-3b9046685257)_(1): (16:249)len=234,,,,,,,
40,,,,,,,,,,,,,0.0,0.33772374197906113,0.0,,0.0,(23b8c1e9-3924-46de-aeb1-3b9046685257)_(1): (16:250)len=235,0.0,(23b8c1e9-3924-46de-aeb1-3b9046685257)_(1): (16:251)len=236,0.33772374197906113,(bdd640fb-0667-4ad1-ac80-317fa3b1799d)_(1): (160:162)len=3,0.0,(23b8c1e9-3924-46de-aeb1-3b9046685257)_(1): (16:250)len=235,,,,,,,
41,,,,,,,,,,,,,0.012833502195204294,0.35089496791624447,0.0,,0.0,(23b8c1e9-3924-46de-aeb1-3b9046685257)_(1): (16:251)len=236,0.012833502195204294,(23b8c1e9-3924-46de-aeb1-3b9046685257)_(1): (14:250)len=237,0.35089496791624447,(bdd640fb-0667-4ad1-ac80-317fa3b1799d)_(1): (224:226)len=3,0.0,(23b8c1e9-3924-46de-aeb1-3b9046685257)_(1): (17:249)len=233,,,,,,,
42,,,,,,,,,,,,,0.012833502195204294,0.3637284701114488,0.0,,0.0,(23b8c1e9-3924-46de-aeb1-3b9046685257)_(1): (17:248)len=232,0.012833502195204294,(23b8c1e9-3924-46de-aeb1-3b9046685257)_(1): (14:251)len=238,0.3637284701114488,(bdd640fb-0667-4ad1-ac80-317fa3b1799d)_(1): (0:2)len=3,0.0,(23b8c1e9-3924-46de-aeb1-3b9046685257)_(1): (17:251)len=235,,,,,,,
43,,,,,,"[0.45457616 0.45457616 0.45457616 0.45457616 0.44174265 0.45457616
 0.44174265 0.45457616 0.45457616 0.45457616 0.46740966 0.45457616
 0.44174265 0.44174265 0.44174265 0.45457616 0.45457616 0.45457616
 0.42857143 0.42857143 0.42857143 0.45457616 0.46740966 0.46740966
 0.45457616 0.45457616 0.45457616 0.44174265 0.45457616 0.45457616
 0.44174265 0.44174265 0.45457616 0.45457616 0.45457616 0.44174265
 0.45457616 0.45457616 0.45457616 0.45457616 0.46740966 0.46740966
 0.45457616 0.45457616 0.45457616 0.45457616 0.46740966 0.45457616
 0.45457616 0.45457616 0.44174265 0.45457616 0.45457616 0.44174265
 0.44174265 0.44174265 0.44174265 0.44174265 0.44174265 0.45457616
 0.46740966 0.45457616 0.45457616 0.42857143 0.44174265 0.46740966
 0.44174265 0.44174265 0.44174265 0.44174265 0.45457616 0.45457616
 0.45457616 0.45457616 0.45457616 0.46740966 0.44174265 0.44174265
 0.53259034 0.62343803 0.67544748 0.67544748 0.63627153 0.63627153
 0.61060453 0.61060453 0.5974333  0.5845998  0.5974333  0.5845998
 0.5845998  0.5845998  0.5974333  0.57142857 0.53259034 0.49341439
 0.49341439 0.45457616 0.42857143 0.4025667  0.4025667  0.4025667
 0.37656197 0.37656197 0.32455252 0.27288078 0.24687606 0.23370483
 0.2077001  0.2077001  0.2077001  0.1948666  0.2077001  0.2077001
 0.2077001  0.2077001  0.18169537 0.16886187 0.2077001  0.22087133
 0.22087133 0.22087133 0.2077001  0.22087133 0.23370483 0.25970956
 0.25970956 0.25970956 0.28571429 0.29854779 0.32455252 0.35055724
 0.35055724 0.37656197 0.37656197 0.3897332  0.4025667  0.4025667
 0.4025667  0.4025667  0.44174265 0.44174265 0.49341439 0.54542384
 0.5974333  0.61060453 0.63627153 0.68828099 0.68828099 0.68828099
 0.68828099 0.70145221 0.68828099 0.66227626 0.66227626 0.62343803
 0.66227626 0.72745694 0.7922999  0.66227626 0.66227626 0.5845998
 0.55859507 0.51941912 0.48058088 0.48058088 0.44174265 0.41573793
 0.42857143 0.42857143 0.42857143 0.42857143 0.42857143 0.44174265
 0.44174265 0.46740966 0.49341439 0.49341439 0.49341439 0.49341439
 0.46740966 0.44174265 0.44174265 0.42857143 0.42857143 0.42857143
 0.42857143 0.44174265 0.45457616 0.45457616 0.45457616 0.45457616
 0.45457616 0.45457616 0.45457616 0.45457616 0.45457616 0.45457616
 0.45457616 0.45457616 0.45457616 0.44174265 0.44174265 0.44174265
 0.44174265 0.45457616 0.45457616 0.45457616 0.45457616 0.45457616
 0.45457616 0.45457616 0.45457616 0.44174265 0.44174265 0.44174265
 0.44174265 0.44174265 0.45457616 0.46740966 0.46740966 0.46740966
 0.46740966 0.46740966 0.44174265 0.44174265 0.44174265 0.44174265
 0.45457616 0.45457616 0.45457616 0.45457616 0.44174265 0.44174265]:b""\x8cd\xa5\x97\xc6\x17\xdd?\x8cd\xa5\x97\xc6\x17\xdd?\x8cd\xa5\x97\xc6\x17\xdd?\x8cd\xa5\x97\xc6\x17\xdd?\xba6\x97\xfb\x82E\xdc?\x8cd\xa5\x97\xc6\x17\xdd?\xba6\x97\xfb\x82E\xdc?\x8cd\xa5\x97\xc6\x17\xdd?\x8cd\xa5\x97\xc6\x17\xdd?\x8cd\xa5\x97\xc6\x17\xdd?_\x92\xb33\n\xea\xdd?\x8cd\xa5\x97\xc6\x17\xdd?\xba6\x97\xfb\x82E\xdc?\xba6\x97\xfb\x82E\xdc?\xba6\x97\xfb\x82E\xdc?\x8cd\xa5\x97\xc6\x17\xdd?\x8cd\xa5\x97\xc6\x17\xdd?\x8cd\xa5\x97\xc6\x17\xdd?\xda\xb6m\xdb\xb6m\xdb?\xda\xb6m\xdb\xb6m\xdb?\xda\xb6m\xdb\xb6m\xdb?\x8cd\xa5\x97\xc6\x17\xdd?_\x92\xb33\n\xea\xdd?_\x92\xb33\n\xea\xdd?\x8cd\xa5\x97\xc6\x17\xdd?\x8cd\xa5\x97\xc6\x17\xdd?\x8cd\xa5\x97\xc6\x17\xdd?\xba6\x97\xfb\x82E\xdc?\x8cd\xa5\x97\xc6\x17\xdd?\x8cd\xa5\x97\xc6\x17\xdd?\xba6\x97\xfb\x82E\xdc?\xba6\x97\xfb\x82E\xdc?\x8cd\xa5\x97\xc6\x17\xdd?\x8cd\xa5\x97\xc6\x17\xdd?\x8cd\xa5\x97\xc6\x17\xdd?\xba6\x97\xfb\x82E\xdc?\x8cd\xa5\x97\xc6\x17\xdd?\x8cd\xa5\x97\xc6\x17\xdd?\x8cd\xa5\x97\xc6\x17\xdd?\x8cd\xa5\x97\xc6\x17\xdd?_\x92\xb33\n\xea\xdd?_\x92\xb33\n\xea\xdd?\x8cd\xa5\x97\xc6\x17\xdd?\x8cd\xa5\x97\xc6\x17\xdd?\x8cd\xa5\x97\xc6\x17\xdd?\x8cd\xa5\x97\xc6\x17\xdd?_\x92\xb33\n\xea\xdd?\x8cd\xa5\x97\xc6\x17\xdd?\x8cd\xa5\x97\xc6\x17\xdd?\x8cd\xa5\x97\xc6\x17\xdd?\xba6\x97\xfb\x82E\xdc?\x8cd\xa5\x97\xc6\x17\xdd?\x8cd\xa5\x97\xc6\x17\xdd?\xba6\x97\xfb\x82E\xdc?\xba6\x97\xfb\x82E\xdc?\xba6\x97\xfb\x82E\xdc?\xba6\x97\xfb\x82E\xdc?\xba6\x97\xfb\x82E\xdc?\xba6\x97\xfb\x82E\xdc?\x8cd\xa5\x97\xc6\x17\xdd?_\x92\xb33\n\xea\xdd?\x8cd\xa5\x97\xc6\x17\xdd?\x8cd\xa5\x97\xc6\x17\xdd?\xda\xb6m\xdb\xb6m\xdb?\xba6\x97\xfb\x82E\xdc?_\x92\xb33\n\xea\xdd?\xba6\x97\xfb\x82E\xdc?\xba6\x97\xfb\x82E\xdc?\xba6\x97\xfb\x82E\xdc?\xba6\x97\xfb\x82E\xdc?\x8cd\xa5\x97\xc6\x17\xdd?\x8cd\xa5\x97\xc6\x17\xdd?\x8cd\xa5\x97\xc6\x17\xdd?\x8cd\xa5\x97\xc6\x17\xdd?\x8cd\xa5\x97\xc6\x17\xdd?_\x92\xb33\n\xea\xdd?\xba6\x97\xfb\x82E\xdc?\xba6\x97\xfb\x82E\xdc?\xd06&\xe6\xfa\n\xe1?C\xd2\x80N4\xf3\xe3?\xf4\x7f\xb8\nD\x9d\xe5?\xf4\x7f\xb8\nD\x9d\xe5?-\xe9\x87\x1cV\\\xe4?-\xe9\x87\x1cV\\\xe4?Z\xbby\x80\x12\x8a\xe3?Z\xbby\x80\x12\x8a\xe3?k\xfbdp,\x1e\xe3?\x81\xe4]\xa2\n\xb5\xe2?k\xfbdp,\x1e\xe3?\x81\xe4]\xa2\n\xb5\xe2?\x81\xe4]\xa2\n\xb5\xe2?\x81\xe4]\xa2\n\xb5\xe2?k\xfbdp,\x1e\xe3?\x92$I\x92$I\xe2?\xd06&\xe6\xfa\n\xe1?\x10@\xeb\xef\x19\x94\xdf?\x10@\xeb\xef\x19\x94\xdf?\x8cd\xa5\x97\xc6\x17\xdd?\xda\xb6m\xdb\xb6m\xdb?)\t6\x1f\xa7\xc3\xd9?)\t6\x1f\xa7\xc3\xd9?)\t6\x1f\xa7\xc3\xd9?x[\xfeb\x97\x19\xd8?x[\xfeb\x97\x19\xd8?\x16\x00\x8f\xeaw\xc5\xd4?\xc0\xf6:\xf6\xe0v\xd1?\x1d\x92\x06t\xa2\x99\xcf?_\x92\xb33\n\xea\xcd?\xfc6D\xbb\xea\x95\xca?\xfc6D\xbb\xea\x95\xca?\xfc6D\xbb\xea\x95\xca?X\xdb'\x83c\xf1\xc8?\xfc6D\xbb\xea\x95\xca?\xfc6D\xbb\xea\x95\xca?\xfc6D\xbb\xea\x95\xca?\xfc6D\xbb\xea\x95\xca?\x9a\xdb\xd4B\xcbA\xc7?\xf4\x7f\xb8\nD\x9d\xc5?\xfc6D\xbb\xea\x95\xca?\xba6\x97\xfb\x82E\xcc?\xba6\x97\xfb\x82E\xcc?\xba6\x97\xfb\x82E\xcc?\xfc6D\xbb\xea\x95\xca?\xba6\x97\xfb\x82E\xcc?_\x92\xb33\n\xea\xcd?\xe1v\x11\xd6\x14\x9f\xd0?\xe1v\x11\xd6\x14\x9f\xd0?\xe1v\x11\xd6\x14\x9f\xd0?\x92$I\x92$I\xd2?dRW.h\x1b\xd3?\x16\x00\x8f\xeaw\xc5\xd4?\xc7\xad\xc6\xa6\x87o\xd6?\xc7\xad\xc6\xa6\x87o\xd6?x[\xfeb\x97\x19\xd8?x[\xfeb\x97\x19\xd8?V\xdb'\x83c\xf1\xd8?)\t6\x1f\xa7\xc3\xd9?)\t6\x1f\xa7\xc3\xd9?)\t6\x1f\xa7\xc3\xd9?)\t6\x1f\xa7\xc3\xd9?\xba6\x97\xfb\x82E\xdc?\xba6\x97\xfb\x82E\xdc?\x10@\xeb\xef\x19\x94\xdf?\xbaM-\xb4\x1ct\xe1?k\xfbdp,\x1e\xe3?Z\xbby\x80\x12\x8a\xe3?-\xe9\x87\x1cV\\\xe4?\xdd\x96\xbf\xd8e\x06\xe6?\xdd\x96\xbf\xd8e\x06\xe6?\xdd\x96\xbf\xd8e\x06\xe6?\xdd\x96\xbf\xd8e\x06\xe6?\xcdV\xd4\xe8Kr\xe6?\xdd\x96\xbf\xd8e\x06\xe6?\x05\xc0\xa3\xfa]1\xe5?\x05\xc0\xa3\xfa]1\xe5?C\xd2\x80N4\xf3\xe3?\x05\xc0\xa3\xfa]1\xe5?\xa5-\xf0\xc6SG\xe7?@\xf2.Q\x85Z\xe9?\x05\xc0\xa3\xfa]1\xe5?\x05\xc0\xa3\xfa]1\xe5?\x81\xe4]\xa2\n\xb5\xe2?\xa9\rB\xc4\x02\xe0\xe1?\xe1v\x11\xd6\x14\x9f\xe0?=\x12\xddS\xd6\xc1\xde?=\x12\xddS\xd6\xc1\xde?\xba6\x97\xfb\x82E\xdc?\t\x89_?s\x9b\xda?\xda\xb6m\xdb\xb6m\xdb?\xda\xb6m\xdb\xb6m\xdb?\xda\xb6m\xdb\xb6m\xdb?\xda\xb6m\xdb\xb6m\xdb?\xda\xb6m\xdb\xb6m\xdb?\xba6\x97\xfb\x82E\xdc?\xba6\x97\xfb\x82E\xdc?_\x92\xb33\n\xea\xdd?\x10@\xeb\xef\x19\x94\xdf?\x10@\xeb\xef\x19\x94\xdf?\x10@\xeb\xef\x19\x94\xdf?\x10@\xeb\xef\x19\x94\xdf?_\x92\xb33\n\xea\xdd?\xba6\x97\xfb\x82E\xdc?\xba6\x97\xfb\x82E\xdc?\xda\xb6m\xdb\xb6m\xdb?\xda\xb6m\xdb\xb6m\xdb?\xda\xb6m\xdb\xb6m\xdb?\xda\xb6m\xdb\xb6m\xdb?\xba6\x97\xfb\x82E\xdc?\x8cd\xa5\x97\xc6\x17\xdd?\x8cd\xa5\x97\xc6\x17\xdd?\x8cd\xa5\x97\xc6\x17\xdd?\x8cd\xa5\x97\xc6\x17\xdd?\x8cd\xa5\x97\xc6\x17\xdd?\x8cd\xa5\x97\xc6\x17\xdd?\x8cd\xa5\x97\xc6\x17\xdd?\x8cd\xa5\x97\xc6\x17\xdd?\x8cd\xa5\x97\xc6\x17\xdd?\x8cd\xa5\x97\xc6\x17\xdd?\x8cd\xa5\x97\xc6\x17\xdd?\x8cd\xa5\x97\xc6\x17\xdd?\x8cd\xa5\x97\xc6\x17\xdd?\xba6\x97\xfb\x82E\xdc?\xba6\x97\xfb\x82E\xdc?\xba6\x97\xfb\x82E\xdc?\xba6\x97\xfb\x82E\xdc?\x8cd\xa5\x97\xc6\x17\xdd?\x8cd\xa5\x97\xc6\x17\xdd?\x8cd\xa5\x97\xc6\x17\xdd?\x8cd\xa5\x97\xc6\x17\xdd?\x8cd\xa5\x97\xc6\x17\xdd?\x8cd\xa5\x97\xc6\x17\xdd?\x8cd\xa5\x97\xc6\x17\xdd?\x8cd\xa5\x97\xc6\x17\xdd?\xba6\x97\xfb\x82E\xdc?\xba6\x97\xfb\x82E\xdc?\xba6\x97\xfb\x82E\xdc?\xba6\x97\xfb\x82E\xdc?\xba6\x97\xfb\x82E\xdc?\x8cd\xa5\x97\xc6\x17\xdd?_\x92\xb33\n\xea\xdd?_\x92\xb33\n\xea\xdd?_\x92\xb33\n\xea\xdd?_\x92\xb33\n\xea\xdd?_\x92\xb33\n\xea\xdd?\xba6\x97\xfb\x82E\xdc?\xba6\x97\xfb\x82E\xdc?\xba6\x97\xfb\x82E\xdc?\xba6\x97\xfb\x82E\xdc?\x8cd\xa5\x97\xc6\x17\xdd?\x8cd\xa5\x97\xc6\x17\xdd?\x8cd\xa5\x97\xc6\x17\xdd?\x8cd\xa5\x97\xc6\x17\xdd?\xba6\x97\xfb\x82E\xdc?\xba6\x97\xfb\x82E\xdc?""",234.0,5.775759220123291,5.624790906906128,17.22949242591858,0.20736265182495117,,,,,,,,,,,,,,,,,,,,
44,,,,,,,,,,,,,0.03917595406957103,0.22087132725430592,0.00033772374197899024,,0.07767646065518413,(b74d0fb1-32e7-4629-afad-c1a606cb0fb3)_(2): (38:141)len=104,0.11685241472475516,(23b8c1e9-3924-46de-aeb1-3b9046685257)_(1): (11:322)len=312,0.29854778790949005,(23b8c1e9-3924-46de-aeb1-3b9046685257)_(1): (129:131)len=3,0.07801418439716312,(17fc695a-07a0-4a6e-a822-e8f36c031199)_(1): (36:268)len=233,,,,,,,
45,,,,,,,,,,,,,0.03917595406957103,0.23404255319148926,0.00033772374197899024,,0.07767646065518413,(b74d0fb1-32e7-4629-afad-c1a606cb0fb3)_(2): (38:142)len=105,0.11685241472475516,(23b8c1e9-3924-46de-aeb1-3b9046685257)_(1): (11:323)len=313,0.3117190138466734,(bdd640fb-0667-4ad1-ac80-317fa3b1799d)_(1): (192:194)len=3,0.07801418439716312,(17fc695a-07a0-4a6e-a822-e8f36c031199)_(1): (68:300)len=233,,,,,,,
46,,,,,,,,,,,,,0.03917595406957103,0.2472137791286726,0.00033772374197899024,,0.07767646065518413,(b74d0fb1-32e7-4629-afad-c1a606cb0fb3)_(2): (38:143)len=106,0.11685241472475516,(23b8c1e9-3924-46de-aeb1-3b9046685257)_(1): (11:324)len=314,0.3248902397838567,(bdd640fb-0667-4ad1-ac80-317fa3b1799d)_(1): (224:226)len=3,0.07801418439716312,(17fc695a-07a0-4a6e-a822-e8f36c031199)_(1): (68:302)len=235,,,,,,,
47,,,,,,,,,,,,,0.03917595406957103,0.26004728132387694,0.00033772374197899024,,0.07767646065518413,(b74d0fb1-32e7-4629-afad-c1a606cb0fb3)_(2): (38:144)len=107,0.11685241472475516,(23b8c1e9-3924-46de-aeb1-3b9046685257)_(1): (31:315)len=285,0.3377237419790611,(bdd640fb-0667-4ad1-ac80-317fa3b1799d)_(1): (0:2)len=3,0.07801418439716312,(17fc695a-07a0-4a6e-a822-e8f36c031199)_(1): (4:236)len=233,,,,,,,
48,,,,,,,,,,,,,0.03917595406957103,0.26004728132387694,0.00033772374197899024,,0.07767646065518413,(b74d0fb1-32e7-4629-afad-c1a606cb0fb3)_(2): (38:145)len=108,0.11685241472475516,(23b8c1e9-3924-46de-aeb1-3b9046685257)_(1): (31:316)len=286,0.3377237419790611,(bdd640fb-0667-4ad1-ac80-317fa3b1799d)_(1): (32:34)len=3,0.07801418439716312,(17fc695a-07a0-4a6e-a822-e8f36c031199)_(1): (37:269)len=233,,,,,,,
49,,,,,,"(972a8469-1641-4f82-ab9d-2434e465e150)_(1): (48:320)len=273:b'\x00\x00\x00\x00\x00\x00\xf0?\x00\x00\x00\x00\x00\x00\xf0?c\x10X9\xb4\xc8\xee?c\x10X9\xb4\xc8\xee?c\x10X9\xb4\xc8\xee?\x00\x00\x00\x00\x00\x00\xf0?\x00\x00\x00\x00\x00\x00\xf0?\x00\x00\x00\x00\x00\x00\xf0?\x00\x00\x00\x00\x00\x00\xf0?\x00\x00\x00\x00\x00\x00\xf0?\x00\x00\x00\x00\x00\x00\xf0?\x00\x00\x00\x00\x00\x00\xf0?\xcf\xf7S\xe3\xa5\x9b\xf0?\x00\x00\x00\x00\x00\x00\xf0?\x00\x00\x00\x00\x00\x00\xf0?\x00\x00\x00\x00\x00\x00\xf0?\x00\x00\x00\x00\x00\x00\xf0?\x00\x00\x00\x00\x00\x00\xf0?\x00\x00\x00\x00\x00\x00\xf0?\x00\x00\x00\x00\x00\x00\xf0?\x00\x00\x00\x00\x00\x00\xf0?\x00\x00\x00\x00\x00\x00\xf0?\x00\x00\x00\x00\x00\x00\xf0?\x00\x00\x00\x00\x00\x00\xf0?\x00\x00\x00\x00\x00\x00\xf0?\x00\x00\x00\x00\x00\x00\xf0?\x00\x00\x00\x00\x00\x00\xf0?\x00\x00\x00\x00\x00\x00\xf0?\x00\x00\x00\x00\x00\x00\xf0?\x00\x00\x00\x00\x00\x00\xf0?\x00\x00\x00\x00\x00\x00\xf0?\x00\x00\x00\x00\x00\x00\xf0?\x00\x00\x00\x00\x00\x00\xf0?\x00\x00\x00\x00\x00\x00\xf0?\x00\x00\x00\x00\x00\x00\xf0?\x00\x00\x00\x00\x00\x00\xf0?c\x10X9\xb4\xc8\xee?c\x10X9\xb4\xc8\xee?c\x10X9\xb4\xc8\xee?\x00\x00\x00\x00\x00\x00\xf0?\x00\x00\x00\x00\x00\x00\xf0?\xcf\xf7S\xe3\xa5\x9b\xf0?\x00\x00\x00\x00\x00\x00\xf0?\x00\x00\x00\x00\x00\x00\xf0?\x00\x00\x00\x00\x00\x00\xf0?\x00\x00\x00\x00\x00\x00\xf0?\x00\x00\x00\x00\x00\x00\xf0?c\x10X9\xb4\xc8\xee?c\x10X9\xb4\xc8\xee?c\x10X9\xb4\xc8\xee?\x00\x00\x00\x00\x00\x00\xf0?\x00\x00\x00\x00\x00\x00\xf0?\x00\x00\x00\x00\x00\x00\xf0?c\x10X9\xb4\xc8\xee?c\x10X9\xb4\xc8\xee?c\x10X9\xb4\xc8\xee?c\x10X9\xb4\xc8\xee?\x00\x00\x00\x00\x00\x00\xf0?\x00\x00\x00\x00\x00\x00\xf0?\x00\x00\x00\x00\x00\x00\xf0?\x00\x00\x00\x00\x00\x00\xf0?c\x10X9\xb4\xc8\xee?c\x10X9\xb4\xc8\xee?c\x10X9\xb4\xc8\xee?c\x10X9\xb4\xc8\xee?\x00\x00\x00\x00\x00\x00\xf0?c\x10X9\xb4\xc8\xee?\x00\x00\x00\x00\x00\x00\xf0?\xcf\xf7S\xe3\xa5\x9b\xf0?\x00\x00\x00\x00\x00\x00\xf0?\x00\x00\x00\x00\x00\x00\xf0?c\x10X9\xb4\xc8\xee?c\x10X9\xb4\xc8\xee?\x00\x00\x00\x00\x00\x00\xf0?\x00\x00\x00\x00\x00\x00\xf0?\x00\x00\x00\x00\x00\x00\xf0?\x00\x00\x00\x00\x00\x00\xf0?c\x10X9\xb4\xc8\xee?c\x10X9\xb4\xc8\xee?c\x10X9\xb4\xc8\xee?\xd7\xa3p=\n\xd7\xf1?\x11X9\xb4\xc8v\xf2?\xd7\xa3p=\n\xd7\xf1?\xd7\xa3p=\n\xd7\xf1?\xd7\xa3p=\n\xd7\xf9?\xf8S\xe3\xa5\x9b\xc4\xfe?\xe8\xfb\xa9\xf1\xd2M\xfc?\xcf\xf7S\xe3\xa5\x9b\xf8?\xe8\xfb\xa9\xf1\xd2M\xf4?\xe8\xfb\xa9\xf1\xd2M\xf4?\xd7\xa3p=\n\xd7\xf1?\xdfO\x8d\x97n\x12\xf3?!\xb0rh\x91\xed\xf4?\xf8S\xe3\xa5\x9b\xc4\xf6?)\\\x8f\xc2\xf5(\xf6?)\\\x8f\xc2\xf5(\xf6?!\xb0rh\x91\xed\xf4?\xe8\xfb\xa9\xf1\xd2M\xf4?\x18\x04V\x0e-\xb2\xf3?\xd7\xa3p=\n\xd7\xf1?c\x10X9\xb4\xc8\xee?\xdfO\x8d\x97n\x12\xeb?\xdfO\x8d\x97n\x12\xeb?\xcf\xf7S\xe3\xa5\x9b\xe8?\xcf\xf7S\xe3\xa5\x9b\xe8?1\x08\xac\x1cZd\xe7?!\xb0rh\x91\xed\xe4?!\xb0rh\x91\xed\xe4?\x9d\xef\xa7\xc6K7\xe1?\x00\x00\x00\x00\x00\x00\xe0?\xc5 \xb0rh\x91\xdd?\xa4p=\n\xd7\xa3\xd8?\xa4p=\n\xd7\xa3\xd8?\x83\xc0\xca\xa1E\xb6\xd3?\xfa~j\xbct\x93\xc8?\xfa~j\xbct\x93\xc8?\x9d\xef\xa7\xc6K7\xd1?\x83\xc0\xca\xa1E\xb6\xd3?\x83\xc0\xca\xa1E\xb6\xd3?\xbf\x9f\x1a/\xdd$\xd6?\xbf\x9f\x1a/\xdd$\xd6?\xdfO\x8d\x97n\x12\xdb?\x9d\xef\xa7\xc6K7\xe1?\xaeG\xe1z\x14\xae\xe3?\xaeG\xe1z\x14\xae\xe3?\x11X9\xb4\xc8v\xe2?\x9d\xef\xa7\xc6K7\xe1?\x00\x00\x00\x00\x00\x00\xe0?\x9d\xef\xa7\xc6K7\xe1?!\xb0rh\x91\xed\xe4?!\xb0rh\x91\xed\xe4?\xcf\xf7S\xe3\xa5\x9b\xe8?1\x08\xac\x1cZd\xe7?\xbf\x9f\x1a/\xdd$\xe6?\xbf\x9f\x1a/\xdd$\xe6?1\x08\xac\x1cZd\xe7?1\x08\xac\x1cZd\xe7?\xdfO\x8d\x97n\x12\xeb?c\x10X9\xb4\xc8\xee?R\xb8\x1e\x85\xebQ\xec?A`\xe5\xd0""\xdb\xe9?A`\xe5\xd0""\xdb\xe9?A`\xe5\xd0""\xdb\xe9?\xef\xa7\xc6K7\x89\xed?\xcf\xf7S\xe3\xa5\x9b\xf0?\xdfO\x8d\x97n\x12\xf3?\x18\x04V\x0e-\xb2\xf3?\x18\x04V\x0e-\xb2\xf3?\xe8\xfb\xa9\xf1\xd2M\xf4?!\xb0rh\x91\xed\xf4?)\\\x8f\xc2\xf5(\xf6?)\\\x8f\xc2\xf5(\xf6?\xef\xa7\xc6K7\x89\xf5?\xef\xa7\xc6K7\x89\xf5?!\xb0rh\x91\xed\xf4?\xe8\xfb\xa9\xf1\xd2M\xf4?\xe8\xfb\xa9\xf1\xd2M\xf4?\x18\x04V\x0e-\xb2\xf3?\x18\x04V\x0e-\xb2\xf3?\xdfO\x8d\x97n\x12\xf3?\x18\x04V\x0e-\xb2\xf3?\xe8\xfb\xa9\xf1\xd2M\xf4?!\xb0rh\x91\xed\xf4?\xe8\xfb\xa9\xf1\xd2M\xf4?\xe8\xfb\xa9\xf1\xd2M\xf4?\xe8\xfb\xa9\xf1\xd2M\xf4?\xe8\xfb\xa9\xf1\xd2M\xf4?\xdfO\x8d\x97n\x12\xf3?\xcf\xf7S\xe3\xa5\x9b\xf0?\xef\xa7\xc6K7\x89\xed?A`\xe5\xd0""\xdb\xe9?A`\xe5\xd0""\xdb\xe9?A`\xe5\xd0""\xdb\xe9?R\xb8\x1e\x85\xebQ\xec?R\xb8\x1e\x85\xebQ\xec?\xdfO\x8d\x97n\x12\xeb?\xef\xa7\xc6K7\x89\xed?\x18\x04V\x0e-\xb2\xf3?\x18\x04V\x0e-\xb2\xf3?\x00\x00\x00\x00\x00\x00\xf8?\x11X9\xb4\xc8v\xfa?\x08\xac\x1cZd;\xf9?)\\\x8f\xc2\xf5(\xf6?\xdfO\x8d\x97n\x12\xf3?\xcf\xf7S\xe3\xa5\x9b\xf0?\xcf\xf7S\xe3\xa5\x9b\xf0?c\x10X9\xb4\xc8\xee?c\x10X9\xb4\xc8\xee?\xef\xa7\xc6K7\x89\xed?R\xb8\x1e\x85\xebQ\xec?R\xb8\x1e\x85\xebQ\xec?R\xb8\x1e\x85\xebQ\xec?\xef\xa7\xc6K7\x89\xed?c\x10X9\xb4\xc8\xee?c\x10X9\xb4\xc8\xee?c\x10X9\xb4\xc8\xee?\x00\x00\x00\x00\x00\x00\xf0?\x00\x00\x00\x00\x00\x00\xf0?\x00\x00\x00\x00\x00\x00\xf0?\x00\x00\x00\x00\x00\x00\xf0?\xcf\xf7S\xe3\xa5\x9b\xf0?\xcf\xf7S\xe3\xa5\x9b\xf0?\xcf\xf7S\xe3\xa5\x9b\xf0?\x00\x00\x00\x00\x00\x00\xf0?c\x10X9\xb4\xc8\xee?c\x10X9\xb4\xc8\xee?c\x10X9\xb4\xc8\xee?c\x10X9\xb4\xc8\xee?c\x10X9\xb4\xc8\xee?c\x10X9\xb4\xc8\xee?c\x10X9\xb4\xc8\xee?c\x10X9\xb4\xc8\xee?\x00\x00\x00\x00\x00\x00\xf0?\x00\x00\x00\x00\x00\x00\xf0?\x00\x00\x00\x00\x00\x00\xf0?\x00\x00\x00\x00\x00\x00\xf0?\x00\x00\x00\x00\x00\x00\xf0?\x00\x00\x00\x00\x00\x00\xf0?c\x10X9\xb4\xc8\xee?c\x10X9\xb4\xc8\xee?c\x10X9\xb4\xc8\xee?c\x10X9\xb4\xc8\xee?c\x10X9\xb4\xc8\xee?c\x10X9\xb4\xc8\xee?c\x10X9\xb4\xc8\xee?c\x10X9\xb4\xc8\xee?c\x10X9\xb4\xc8\xee?c\x10X9\xb4\xc8\xee?\x00\x00\x00\x00\x00\x00\xf0?\x00\x00\x00\x00\x00\x00\xf0?\x00\x00\x00\x00\x00\x00\xf0?c\x10X9\xb4\xc8\xee?c\x10X9\xb4\xc8\xee?c\x10X9\xb4\xc8\xee?c\x10X9\xb4\xc8\xee?\x00\x00\x00\x00\x00\x00\xf0?\x00\x00\x00\x00\x00\x00\xf0?\x00\x00\x00\x00\x00\x00\xf0?\x00\x00\x00\x00\x00\x00\xf0?c\x10X9\xb4\xc8\xee?c\x10X9\xb4\xc8\xee?c\x10X9\xb4\xc8\xee?c\x10X9\xb4\xc8\xee?c\x10X9\xb4\xc8\xee?c\x10X9\xb4\xc8\xee?c\x10X9\xb4\xc8\xee?c\x10X9\xb4\xc8\xee?c\x10X9\xb4\xc8\xee?c\x10X9\xb4\xc8\xee?\x00\x00\x00\x00\x00\x00\xf0?\x00\x00\x00\x00\x00\x00\xf0?\x00\x00\x00\x00\x00\x00\xf0?c\x10X9\xb4\xc8\xee?c\x10X9\xb4\xc8\xee?c\x10X9\xb4\xc8\xee?c\x10X9\xb4\xc8\xee?c\x10X9\xb4\xc8\xee?c\x10X9\xb4\xc8\xee?c\x10X9\xb4\xc8\xee?\x00\x00\x00\x00\x00\x00\xf0?\x00\x00\x00\x00\x00\x00\xf0?\x00\x00\x00\x00\x00\x00\xf0?\x00\x00\x00\x00\x00\x00\xf0?c\x10X9\xb4\xc8\xee?c\x10X9\xb4\xc8\xee?\x00\x00\x00\x00\x00\x00\xf0?\xcf\xf7S\xe3\xa5\x9b\xf0?\xcf\xf7S\xe3\xa5\x9b\xf0?\xcf\xf7S\xe3\xa5\x9b\xf0?c\x10X9\xb4\xc8\xee?\xef\xa7\xc6K7\x89\xed?\xef\xa7\xc6K7\x89\xed?\xef\xa7\xc6K7\x89\xed?'",273.0,6.046828269958496,5.684139966964722,6.847995281219482,0.206315279006958,,,,,,,,,,,,,,,,,,,,
50,,,,,,,,,,,,,0.0,0.29888551165146904,0.0,,0.0,(972a8469-1641-4f82-ab9d-2434e465e150)_(1): (44:319)len=276,0.0,(972a8469-1641-4f82-ab9d-2434e465e150)_(1): (48:320)len=273,0.29888551165146904,(bdd640fb-0667-4ad1-ac80-317fa3b1799d)_(1): (192:194)len=3,0.0,(972a8469-1641-4f82-ab9d-2434e465e150)_(1): (45:318)len=274,,,,,,,
51,,,,,,,,,,,,,0.012833502195204294,0.2988855116514691,0.0,,0.0,(972a8469-1641-4f82-ab9d-2434e465e150)_(1): (44:320)len=277,0.012833502195204294,(972a8469-1641-4f82-ab9d-2434e465e150)_(1): (50:319)len=270,0.2988855116514691,(bdd640fb-0667-4ad1-ac80-317fa3b1799d)_(1): (224:226)len=3,0.0,(972a8469-1641-4f82-ab9d-2434e465e150)_(1): (47:318)len=272,,,,,,,
52,,,,,,,,,,,,,0.012833502195204294,0.2988855116514691,0.0,,0.0,(972a8469-1641-4f82-ab9d-2434e465e150)_(1): (45:318)len=274,0.012833502195204294,(972a8469-1641-4f82-ab9d-2434e465e150)_(1): (50:320)len=271,0.2988855116514691,(23b8c1e9-3924-46de-aeb1-3b9046685257)_(1): (129:131)len=3,0.0,(972a8469-1641-4f82-ab9d-2434e465e150)_(1): (47:320)len=274,,,,,,,
53,,,,,,,,,,,,,0.01317122593718345,0.31171901384667344,0.0,,0.0,(972a8469-1641-4f82-ab9d-2434e465e150)_(1): (45:319)len=275,0.01317122593718345,(972a8469-1641-4f82-ab9d-2434e465e150)_(1): (48:321)len=274,0.31171901384667344,(bdd640fb-0667-4ad1-ac80-317fa3b1799d)_(1): (0:2)len=3,0.0,(972a8469-1641-4f82-ab9d-2434e465e150)_(1): (47:319)len=273,,,,,,,
54,,,,,,,,,,,,,0.01317122593718345,0.31171901384667344,0.0,,0.0,(972a8469-1641-4f82-ab9d-2434e465e150)_(1): (45:320)len=276,0.01317122593718345,(972a8469-1641-4f82-ab9d-2434e465e150)_(1): (48:322)len=275,0.31171901384667344,(bdd640fb-0667-4ad1-ac80-317fa3b1799d)_(1): (32:34)len=3,0.0,(972a8469-1641-4f82-ab9d-2434e465e150)_(1): (48:319)len=272,,,,,,,
55,,,,,,"[0.45457616 0.45457616 0.45457616 0.45457616 0.45457616 0.45457616
 0.45457616 0.45457616 0.45457616 0.45457616 0.44174265 0.44174265
 0.44174265 0.45457616 0.44174265 0.45457616 0.45457616 0.45457616
 0.45457616 0.45457616 0.45457616 0.45457616 0.45457616 0.45457616
 0.45457616 0.45457616 0.45457616 0.45457616 0.45457616 0.45457616
 0.45457616 0.45457616 0.45457616 0.45457616 0.45457616 0.45457616
 0.45457616 0.45457616 0.45457616 0.45457616 0.45457616 0.45457616
 0.45457616 0.45457616 0.45457616 0.45457616 0.45457616 0.45457616
 0.45457616 0.45457616 0.45457616 0.45457616 0.44174265 0.45457616
 0.45457616 0.44174265 0.44174265 0.44174265 0.44174265 0.45457616
 0.45457616 0.45457616 0.45457616 0.45457616 0.44174265 0.44174265
 0.44174265 0.45457616 0.45457616 0.45457616 0.44174265 0.44174265
 0.45457616 0.44174265 0.44174265 0.44174265 0.44174265 0.45457616
 0.45457616 0.45457616 0.45457616 0.45457616 0.45457616 0.45457616
 0.45457616 0.45457616 0.45457616 0.45457616 0.45457616 0.45457616
 0.41573793 0.41573793 0.51941912 0.62343803 0.68828099 0.68828099
 0.64944276 0.64944276 0.5974333  0.57142857 0.53259034 0.54542384
 0.54542384 0.53259034 0.53259034 0.5845998  0.62343803 0.5974333
 0.53259034 0.53259034 0.44174265 0.4025667  0.41573793 0.42857143
 0.3897332  0.33772374 0.33772374 0.29854779 0.29854779 0.28571429
 0.27288078 0.24687606 0.24687606 0.23370483 0.2077001  0.2077001
 0.18169537 0.16886187 0.1948666  0.2077001  0.2077001  0.2077001
 0.2077001  0.23370483 0.23370483 0.25970956 0.27288078 0.27288078
 0.31171901 0.35055724 0.37656197 0.37656197 0.4025667  0.4025667
 0.42857143 0.44174265 0.41573793 0.41573793 0.44174265 0.49341439
 0.49341439 0.53259034 0.51941912 0.51941912 0.53259034 0.53259034
 0.54542384 0.54542384 0.51941912 0.50658561 0.50658561 0.53259034
 0.53259034 0.5845998  0.5974333  0.57142857 0.55859507 0.55859507
 0.54542384 0.54542384 0.54542384 0.54542384 0.50658561 0.49341439
 0.48058088 0.46740966 0.42857143 0.42857143 0.41573793 0.42857143
 0.44174265 0.48058088 0.51941912 0.54542384 0.54542384 0.55859507
 0.57142857 0.57142857 0.54542384 0.50658561 0.46740966 0.46740966
 0.45457616 0.44174265 0.44174265 0.42857143 0.42857143 0.44174265
 0.45457616 0.46740966 0.46740966 0.46740966 0.45457616 0.45457616
 0.45457616 0.45457616 0.45457616 0.45457616 0.45457616 0.45457616
 0.45457616 0.45457616 0.45457616 0.44174265 0.44174265 0.45457616
 0.46740966 0.45457616 0.45457616 0.45457616 0.44174265 0.44174265
 0.45457616 0.45457616 0.45457616 0.44174265 0.44174265 0.44174265
 0.45457616 0.45457616 0.45457616 0.45457616 0.45457616 0.44174265
 0.44174265 0.45457616 0.45457616 0.44174265 0.44174265 0.44174265
 0.45457616 0.45457616 0.44174265 0.44174265 0.45457616 0.45457616
 0.45457616 0.45457616 0.45457616 0.45457616 0.44174265 0.44174265
 0.44174265 0.44174265 0.44174265 0.44174265 0.45457616 0.45457616
 0.45457616 0.45457616 0.45457616 0.44174265 0.44174265 0.45457616
 0.45457616 0.46740966 0.46740966 0.45457616 0.45457616 0.44174265
 0.44174265 0.44174265 0.45457616]:b""\x8cd\xa5\x97\xc6\x17\xdd?\x8cd\xa5\x97\xc6\x17\xdd?\x8cd\xa5\x97\xc6\x17\xdd?\x8cd\xa5\x97\xc6\x17\xdd?\x8cd\xa5\x97\xc6\x17\xdd?\x8cd\xa5\x97\xc6\x17\xdd?\x8cd\xa5\x97\xc6\x17\xdd?\x8cd\xa5\x97\xc6\x17\xdd?\x8cd\xa5\x97\xc6\x17\xdd?\x8cd\xa5\x97\xc6\x17\xdd?\xba6\x97\xfb\x82E\xdc?\xba6\x97\xfb\x82E\xdc?\xba6\x97\xfb\x82E\xdc?\x8cd\xa5\x97\xc6\x17\xdd?\xba6\x97\xfb\x82E\xdc?\x8cd\xa5\x97\xc6\x17\xdd?\x8cd\xa5\x97\xc6\x17\xdd?\x8cd\xa5\x97\xc6\x17\xdd?\x8cd\xa5\x97\xc6\x17\xdd?\x8cd\xa5\x97\xc6\x17\xdd?\x8cd\xa5\x97\xc6\x17\xdd?\x8cd\xa5\x97\xc6\x17\xdd?\x8cd\xa5\x97\xc6\x17\xdd?\x8cd\xa5\x97\xc6\x17\xdd?\x8cd\xa5\x97\xc6\x17\xdd?\x8cd\xa5\x97\xc6\x17\xdd?\x8cd\xa5\x97\xc6\x17\xdd?\x8cd\xa5\x97\xc6\x17\xdd?\x8cd\xa5\x97\xc6\x17\xdd?\x8cd\xa5\x97\xc6\x17\xdd?\x8cd\xa5\x97\xc6\x17\xdd?\x8cd\xa5\x97\xc6\x17\xdd?\x8cd\xa5\x97\xc6\x17\xdd?\x8cd\xa5\x97\xc6\x17\xdd?\x8cd\xa5\x97\xc6\x17\xdd?\x8cd\xa5\x97\xc6\x17\xdd?\x8cd\xa5\x97\xc6\x17\xdd?\x8cd\xa5\x97\xc6\x17\xdd?\x8cd\xa5\x97\xc6\x17\xdd?\x8cd\xa5\x97\xc6\x17\xdd?\x8cd\xa5\x97\xc6\x17\xdd?\x8cd\xa5\x97\xc6\x17\xdd?\x8cd\xa5\x97\xc6\x17\xdd?\x8cd\xa5\x97\xc6\x17\xdd?\x8cd\xa5\x97\xc6\x17\xdd?\x8cd\xa5\x97\xc6\x17\xdd?\x8cd\xa5\x97\xc6\x17\xdd?\x8cd\xa5\x97\xc6\x17\xdd?\x8cd\xa5\x97\xc6\x17\xdd?\x8cd\xa5\x97\xc6\x17\xdd?\x8cd\xa5\x97\xc6\x17\xdd?\x8cd\xa5\x97\xc6\x17\xdd?\xba6\x97\xfb\x82E\xdc?\x8cd\xa5\x97\xc6\x17\xdd?\x8cd\xa5\x97\xc6\x17\xdd?\xba6\x97\xfb\x82E\xdc?\xba6\x97\xfb\x82E\xdc?\xba6\x97\xfb\x82E\xdc?\xba6\x97\xfb\x82E\xdc?\x8cd\xa5\x97\xc6\x17\xdd?\x8cd\xa5\x97\xc6\x17\xdd?\x8cd\xa5\x97\xc6\x17\xdd?\x8cd\xa5\x97\xc6\x17\xdd?\x8cd\xa5\x97\xc6\x17\xdd?\xba6\x97\xfb\x82E\xdc?\xba6\x97\xfb\x82E\xdc?\xba6\x97\xfb\x82E\xdc?\x8cd\xa5\x97\xc6\x17\xdd?\x8cd\xa5\x97\xc6\x17\xdd?\x8cd\xa5\x97\xc6\x17\xdd?\xba6\x97\xfb\x82E\xdc?\xba6\x97\xfb\x82E\xdc?\x8cd\xa5\x97\xc6\x17\xdd?\xba6\x97\xfb\x82E\xdc?\xba6\x97\xfb\x82E\xdc?\xba6\x97\xfb\x82E\xdc?\xba6\x97\xfb\x82E\xdc?\x8cd\xa5\x97\xc6\x17\xdd?\x8cd\xa5\x97\xc6\x17\xdd?\x8cd\xa5\x97\xc6\x17\xdd?\x8cd\xa5\x97\xc6\x17\xdd?\x8cd\xa5\x97\xc6\x17\xdd?\x8cd\xa5\x97\xc6\x17\xdd?\x8cd\xa5\x97\xc6\x17\xdd?\x8cd\xa5\x97\xc6\x17\xdd?\x8cd\xa5\x97\xc6\x17\xdd?\x8cd\xa5\x97\xc6\x17\xdd?\x8cd\xa5\x97\xc6\x17\xdd?\x8cd\xa5\x97\xc6\x17\xdd?\x8cd\xa5\x97\xc6\x17\xdd?\t\x89_?s\x9b\xda?\t\x89_?s\x9b\xda?\xe1v\x11\xd6\x14\x9f\xe0?C\xd2\x80N4\xf3\xe3?\xdd\x96\xbf\xd8e\x06\xe6?\xdd\x96\xbf\xd8e\x06\xe6?\x1c\xa9\x9c,<\xc8\xe4?\x1c\xa9\x9c,<\xc8\xe4?k\xfbdp,\x1e\xe3?\x92$I\x92$I\xe2?\xd06&\xe6\xfa\n\xe1?\xbaM-\xb4\x1ct\xe1?\xbaM-\xb4\x1ct\xe1?\xd06&\xe6\xfa\n\xe1?\xd06&\xe6\xfa\n\xe1?\x81\xe4]\xa2\n\xb5\xe2?C\xd2\x80N4\xf3\xe3?k\xfbdp,\x1e\xe3?\xd06&\xe6\xfa\n\xe1?\xd06&\xe6\xfa\n\xe1?\xba6\x97\xfb\x82E\xdc?)\t6\x1f\xa7\xc3\xd9?\t\x89_?s\x9b\xda?\xda\xb6m\xdb\xb6m\xdb?V\xdb'\x83c\xf1\xd8?\xf4\x7f\xb8\nD\x9d\xd5?\xf4\x7f\xb8\nD\x9d\xd5?dRW.h\x1b\xd3?dRW.h\x1b\xd3?\x92$I\x92$I\xd2?\xc0\xf6:\xf6\xe0v\xd1?\x1d\x92\x06t\xa2\x99\xcf?\x1d\x92\x06t\xa2\x99\xcf?_\x92\xb33\n\xea\xcd?\xfc6D\xbb\xea\x95\xca?\xfc6D\xbb\xea\x95\xca?\x9a\xdb\xd4B\xcbA\xc7?\xf4\x7f\xb8\nD\x9d\xc5?X\xdb'\x83c\xf1\xc8?\xfc6D\xbb\xea\x95\xca?\xfc6D\xbb\xea\x95\xca?\xfc6D\xbb\xea\x95\xca?\xfc6D\xbb\xea\x95\xca?_\x92\xb33\n\xea\xcd?_\x92\xb33\n\xea\xcd?\xe1v\x11\xd6\x14\x9f\xd0?\xc0\xf6:\xf6\xe0v\xd1?\xc0\xf6:\xf6\xe0v\xd1?C\xd2\x80N4\xf3\xd3?\xc7\xad\xc6\xa6\x87o\xd6?x[\xfeb\x97\x19\xd8?x[\xfeb\x97\x19\xd8?)\t6\x1f\xa7\xc3\xd9?)\t6\x1f\xa7\xc3\xd9?\xda\xb6m\xdb\xb6m\xdb?\xba6\x97\xfb\x82E\xdc?\t\x89_?s\x9b\xda?\t\x89_?s\x9b\xda?\xba6\x97\xfb\x82E\xdc?\x10@\xeb\xef\x19\x94\xdf?\x10@\xeb\xef\x19\x94\xdf?\xd06&\xe6\xfa\n\xe1?\xe1v\x11\xd6\x14\x9f\xe0?\xe1v\x11\xd6\x14\x9f\xe0?\xd06&\xe6\xfa\n\xe1?\xd06&\xe6\xfa\n\xe1?\xbaM-\xb4\x1ct\xe1?\xbaM-\xb4\x1ct\xe1?\xe1v\x11\xd6\x14\x9f\xe0?\xf8_\n\x08\xf35\xe0?\xf8_\n\x08\xf35\xe0?\xd06&\xe6\xfa\n\xe1?\xd06&\xe6\xfa\n\xe1?\x81\xe4]\xa2\n\xb5\xe2?k\xfbdp,\x1e\xe3?\x92$I\x92$I\xe2?\xa9\rB\xc4\x02\xe0\xe1?\xa9\rB\xc4\x02\xe0\xe1?\xbaM-\xb4\x1ct\xe1?\xbaM-\xb4\x1ct\xe1?\xbaM-\xb4\x1ct\xe1?\xbaM-\xb4\x1ct\xe1?\xf8_\n\x08\xf35\xe0?\x10@\xeb\xef\x19\x94\xdf?=\x12\xddS\xd6\xc1\xde?_\x92\xb33\n\xea\xdd?\xda\xb6m\xdb\xb6m\xdb?\xda\xb6m\xdb\xb6m\xdb?\t\x89_?s\x9b\xda?\xda\xb6m\xdb\xb6m\xdb?\xba6\x97\xfb\x82E\xdc?=\x12\xddS\xd6\xc1\xde?\xe1v\x11\xd6\x14\x9f\xe0?\xbaM-\xb4\x1ct\xe1?\xbaM-\xb4\x1ct\xe1?\xa9\rB\xc4\x02\xe0\xe1?\x92$I\x92$I\xe2?\x92$I\x92$I\xe2?\xbaM-\xb4\x1ct\xe1?\xf8_\n\x08\xf35\xe0?_\x92\xb33\n\xea\xdd?_\x92\xb33\n\xea\xdd?\x8cd\xa5\x97\xc6\x17\xdd?\xba6\x97\xfb\x82E\xdc?\xba6\x97\xfb\x82E\xdc?\xda\xb6m\xdb\xb6m\xdb?\xda\xb6m\xdb\xb6m\xdb?\xba6\x97\xfb\x82E\xdc?\x8cd\xa5\x97\xc6\x17\xdd?_\x92\xb33\n\xea\xdd?_\x92\xb33\n\xea\xdd?_\x92\xb33\n\xea\xdd?\x8cd\xa5\x97\xc6\x17\xdd?\x8cd\xa5\x97\xc6\x17\xdd?\x8cd\xa5\x97\xc6\x17\xdd?\x8cd\xa5\x97\xc6\x17\xdd?\x8cd\xa5\x97\xc6\x17\xdd?\x8cd\xa5\x97\xc6\x17\xdd?\x8cd\xa5\x97\xc6\x17\xdd?\x8cd\xa5\x97\xc6\x17\xdd?\x8cd\xa5\x97\xc6\x17\xdd?\x8cd\xa5\x97\xc6\x17\xdd?\x8cd\xa5\x97\xc6\x17\xdd?\xba6\x97\xfb\x82E\xdc?\xba6\x97\xfb\x82E\xdc?\x8cd\xa5\x97\xc6\x17\xdd?_\x92\xb33\n\xea\xdd?\x8cd\xa5\x97\xc6\x17\xdd?\x8cd\xa5\x97\xc6\x17\xdd?\x8cd\xa5\x97\xc6\x17\xdd?\xba6\x97\xfb\x82E\xdc?\xba6\x97\xfb\x82E\xdc?\x8cd\xa5\x97\xc6\x17\xdd?\x8cd\xa5\x97\xc6\x17\xdd?\x8cd\xa5\x97\xc6\x17\xdd?\xba6\x97\xfb\x82E\xdc?\xba6\x97\xfb\x82E\xdc?\xba6\x97\xfb\x82E\xdc?\x8cd\xa5\x97\xc6\x17\xdd?\x8cd\xa5\x97\xc6\x17\xdd?\x8cd\xa5\x97\xc6\x17\xdd?\x8cd\xa5\x97\xc6\x17\xdd?\x8cd\xa5\x97\xc6\x17\xdd?\xba6\x97\xfb\x82E\xdc?\xba6\x97\xfb\x82E\xdc?\x8cd\xa5\x97\xc6\x17\xdd?\x8cd\xa5\x97\xc6\x17\xdd?\xba6\x97\xfb\x82E\xdc?\xba6\x97\xfb\x82E\xdc?\xba6\x97\xfb\x82E\xdc?\x8cd\xa5\x97\xc6\x17\xdd?\x8cd\xa5\x97\xc6\x17\xdd?\xba6\x97\xfb\x82E\xdc?\xba6\x97\xfb\x82E\xdc?\x8cd\xa5\x97\xc6\x17\xdd?\x8cd\xa5\x97\xc6\x17\xdd?\x8cd\xa5\x97\xc6\x17\xdd?\x8cd\xa5\x97\xc6\x17\xdd?\x8cd\xa5\x97\xc6\x17\xdd?\x8cd\xa5\x97\xc6\x17\xdd?\xba6\x97\xfb\x82E\xdc?\xba6\x97\xfb\x82E\xdc?\xba6\x97\xfb\x82E\xdc?\xba6\x97\xfb\x82E\xdc?\xba6\x97\xfb\x82E\xdc?\xba6\x97\xfb\x82E\xdc?\x8cd\xa5\x97\xc6\x17\xdd?\x8cd\xa5\x97\xc6\x17\xdd?\x8cd\xa5\x97\xc6\x17\xdd?\x8cd\xa5\x97\xc6\x17\xdd?\x8cd\xa5\x97\xc6\x17\xdd?\xba6\x97\xfb\x82E\xdc?\xba6\x97\xfb\x82E\xdc?\x8cd\xa5\x97\xc6\x17\xdd?\x8cd\xa5\x97\xc6\x17\xdd?_\x92\xb33\n\xea\xdd?_\x92\xb33\n\xea\xdd?\x8cd\xa5\x97\xc6\x17\xdd?\x8cd\xa5\x97\xc6\x17\xdd?\xba6\x97\xfb\x82E\xdc?\xba6\x97\xfb\x82E\xdc?\xba6\x97\xfb\x82E\xdc?\x8cd\xa5\x97\xc6\x17\xdd?""",273.0,5.940309524536133,10.146699666976929,8.975594997406006,0.17944979667663574,,,,,,,,,,,,,,,,,,,,
56,,,,,,,,,,,,,0.1300236406619384,0.22087132725430603,0.02600472813238762,,0.05200945626477539,(bd9c66b3-ad3c-4d6d-aa3d-1fa7bc8960a9)_(1): (68:155)len=88,0.18203309692671377,(17fc695a-07a0-4a6e-a822-e8f36c031199)_(1): (11:259)len=249,0.2728807835190814,(bdd640fb-0667-4ad1-ac80-317fa3b1799d)_(1): (64:66)len=3,0.07801418439716301,(bdd640fb-0667-4ad1-ac80-317fa3b1799d)_(1): (0:271)len=272,,,,,,,
57,,,,,,,,,,,,,0.1300236406619384,0.22087132725430603,0.02600472813238762,,0.05200945626477539,(bd9c66b3-ad3c-4d6d-aa3d-1fa7bc8960a9)_(1): (68:156)len=89,0.18203309692671377,(17fc695a-07a0-4a6e-a822-e8f36c031199)_(1): (11:260)len=250,0.2728807835190814,(bdd640fb-0667-4ad1-ac80-317fa3b1799d)_(1): (288:290)len=3,0.07801418439716301,(bdd640fb-0667-4ad1-ac80-317fa3b1799d)_(1): (0:273)len=274,,,,,,,
58,,,,,,,,,,,,,0.1300236406619384,0.22087132725430603,0.02600472813238762,,0.05200945626477539,(bd9c66b3-ad3c-4d6d-aa3d-1fa7bc8960a9)_(1): (68:157)len=90,0.18203309692671377,(17fc695a-07a0-4a6e-a822-e8f36c031199)_(1): (11:261)len=251,0.2728807835190814,(bdd640fb-0667-4ad1-ac80-317fa3b1799d)_(1): (320:322)len=3,0.07801418439716301,(bdd640fb-0667-4ad1-ac80-317fa3b1799d)_(1): (2:275)len=274,,,,,,,
59,,,,,,,,,,,,,0.15602836879432613,0.22087132725430603,0.02600472813238762,,0.05200945626477539,(bd9c66b3-ad3c-4d6d-aa3d-1fa7bc8960a9)_(1): (69:156)len=88,0.2080378250591015,(17fc695a-07a0-4a6e-a822-e8f36c031199)_(1): (68:231)len=164,0.2728807835190814,(23b8c1e9-3924-46de-aeb1-3b9046685257)_(1): (1:3)len=3,0.07801418439716301,(bdd640fb-0667-4ad1-ac80-317fa3b1799d)_(1): (4:276)len=273,,,,,,,
60,,,,,,,,,,,,,0.15602836879432613,0.22087132725430603,0.02600472813238762,,0.05200945626477539,(bd9c66b3-ad3c-4d6d-aa3d-1fa7bc8960a9)_(1): (69:157)len=89,0.2080378250591015,(17fc695a-07a0-4a6e-a822-e8f36c031199)_(1): (17:256)len=240,0.2728807835190814,(23b8c1e9-3924-46de-aeb1-3b9046685257)_(1): (33:35)len=3,0.07801418439716301,(bdd640fb-0667-4ad1-ac80-317fa3b1799d)_(1): (36:309)len=274,,,,,,,
61,,,,,,"(23b8c1e9-3924-46de-aeb1-3b9046685257)_(1): (1:354)len=354:b'c\x10X9\xb4\xc8\xee?c\x10X9\xb4\xc8\xee?\x00\x00\x00\x00\x00\x00\xf0?\x00\x00\x00\x00\x00\x00\xf0?\x00\x00\x00\x00\x00\x00\xf0?\xcf\xf7S\xe3\xa5\x9b\xf0?\x00\x00\x00\x00\x00\x00\xf0?\x00\x00\x00\x00\x00\x00\xf0?\x00\x00\x00\x00\x00\x00\xf0?\x00\x00\x00\x00\x00\x00\xf0?\x00\x00\x00\x00\x00\x00\xf0?\x00\x00\x00\x00\x00\x00\xf0?c\x10X9\xb4\xc8\xee?c\x10X9\xb4\xc8\xee?c\x10X9\xb4\xc8\xee?\x00\x00\x00\x00\x00\x00\xf0?\x00\x00\x00\x00\x00\x00\xf0?\xcf\xf7S\xe3\xa5\x9b\xf0?\x00\x00\x00\x00\x00\x00\xf0?c\x10X9\xb4\xc8\xee?\xef\xa7\xc6K7\x89\xed?\xef\xa7\xc6K7\x89\xed?\xef\xa7\xc6K7\x89\xed?c\x10X9\xb4\xc8\xee?\x00\x00\x00\x00\x00\x00\xf0?\x00\x00\x00\x00\x00\x00\xf0?\x00\x00\x00\x00\x00\x00\xf0?\x00\x00\x00\x00\x00\x00\xf0?\x00\x00\x00\x00\x00\x00\xf0?\x00\x00\x00\x00\x00\x00\xf0?\x00\x00\x00\x00\x00\x00\xf0?c\x10X9\xb4\xc8\xee?c\x10X9\xb4\xc8\xee?c\x10X9\xb4\xc8\xee?c\x10X9\xb4\xc8\xee?c\x10X9\xb4\xc8\xee?\x00\x00\x00\x00\x00\x00\xf0?\xcf\xf7S\xe3\xa5\x9b\xf0?\xcf\xf7S\xe3\xa5\x9b\xf0?\x00\x00\x00\x00\x00\x00\xf0?\x00\x00\x00\x00\x00\x00\xf0?\x00\x00\x00\x00\x00\x00\xf0?\xcf\xf7S\xe3\xa5\x9b\xf0?\x00\x00\x00\x00\x00\x00\xf0?\x00\x00\x00\x00\x00\x00\xf0?c\x10X9\xb4\xc8\xee?c\x10X9\xb4\xc8\xee?c\x10X9\xb4\xc8\xee?c\x10X9\xb4\xc8\xee?c\x10X9\xb4\xc8\xee?\x00\x00\x00\x00\x00\x00\xf0?\x00\x00\x00\x00\x00\x00\xf0?c\x10X9\xb4\xc8\xee?c\x10X9\xb4\xc8\xee?c\x10X9\xb4\xc8\xee?\x00\x00\x00\x00\x00\x00\xf0?\x00\x00\x00\x00\x00\x00\xf0?\xcf\xf7S\xe3\xa5\x9b\xf0?\x00\x00\x00\x00\x00\x00\xf0?\x00\x00\x00\x00\x00\x00\xf0?c\x10X9\xb4\xc8\xee?c\x10X9\xb4\xc8\xee?c\x10X9\xb4\xc8\xee?c\x10X9\xb4\xc8\xee?c\x10X9\xb4\xc8\xee?c\x10X9\xb4\xc8\xee?c\x10X9\xb4\xc8\xee?c\x10X9\xb4\xc8\xee?c\x10X9\xb4\xc8\xee?\x00\x00\x00\x00\x00\x00\xf0?\x00\x00\x00\x00\x00\x00\xf0?\x00\x00\x00\x00\x00\x00\xf0?\x00\x00\x00\x00\x00\x00\xf0?\x00\x00\x00\x00\x00\x00\xf0?\x00\x00\x00\x00\x00\x00\xf0?c\x10X9\xb4\xc8\xee?c\x10X9\xb4\xc8\xee?\x00\x00\x00\x00\x00\x00\xf0?c\x10X9\xb4\xc8\xee?c\x10X9\xb4\xc8\xee?c\x10X9\xb4\xc8\xee?\x00\x00\x00\x00\x00\x00\xf0?\x00\x00\x00\x00\x00\x00\xf0?\x00\x00\x00\x00\x00\x00\xf0?\x00\x00\x00\x00\x00\x00\xf0?\x00\x00\x00\x00\x00\x00\xf0?\x00\x00\x00\x00\x00\x00\xf0?\x00\x00\x00\x00\x00\x00\xf0?\x00\x00\x00\x00\x00\x00\xf0?c\x10X9\xb4\xc8\xee?c\x10X9\xb4\xc8\xee?\x00\x00\x00\x00\x00\x00\xf0?\x00\x00\x00\x00\x00\x00\xf0?\x00\x00\x00\x00\x00\x00\xf0?\x00\x00\x00\x00\x00\x00\xf0?\x00\x00\x00\x00\x00\x00\xf0?\x00\x00\x00\x00\x00\x00\xf0?\x00\x00\x00\x00\x00\x00\xf0?\x00\x00\x00\x00\x00\x00\xf0?\x00\x00\x00\x00\x00\x00\xf0?\x00\x00\x00\x00\x00\x00\xf0?\x00\x00\x00\x00\x00\x00\xf0?\x00\x00\x00\x00\x00\x00\xf0?c\x10X9\xb4\xc8\xee?\x00\x00\x00\x00\x00\x00\xf0?\x00\x00\x00\x00\x00\x00\xf0?c\x10X9\xb4\xc8\xee?c\x10X9\xb4\xc8\xee?c\x10X9\xb4\xc8\xee?\x00\x00\x00\x00\x00\x00\xf0?\xcf\xf7S\xe3\xa5\x9b\xf0?\x00\x00\x00\x00\x00\x00\xf0?\x00\x00\x00\x00\x00\x00\xf0?\x00\x00\x00\x00\x00\x00\xf0?c\x10X9\xb4\xc8\xee?\x00\x00\x00\x00\x00\x00\xf0?\x00\x00\x00\x00\x00\x00\xf0?c\x10X9\xb4\xc8\xee?\x00\x00\x00\x00\x00\x00\xf0?\x00\x00\x00\x00\x00\x00\xf0?c\x10X9\xb4\xc8\xee?c\x10X9\xb4\xc8\xee?\x00\x00\x00\x00\x00\x00\xf0?\x00\x00\x00\x00\x00\x00\xf0?\xcf\xf7S\xe3\xa5\x9b\xf0?\xcf\xf7S\xe3\xa5\x9b\xf0?\xcf\xf7S\xe3\xa5\x9b\xf0?\xcf\xf7S\xe3\xa5\x9b\xf0?\xcf\xf7S\xe3\xa5\x9b\xf0?)\\\x8f\xc2\xf5(\xf6?\x00\x00\x00\x00\x00\x00\xf8?)\\\x8f\xc2\xf5(\xf6?)\\\x8f\xc2\xf5(\xf6?\xdfO\x8d\x97n\x12\xf3?!\xb0rh\x91\xed\xf4?\xf8S\xe3\xa5\x9b\xc4\xf6?\xf8S\xe3\xa5\x9b\xc4\xf6?)\\\x8f\xc2\xf5(\xf6?)\\\x8f\xc2\xf5(\xf6?\xe8\xfb\xa9\xf1\xd2M\xf4?\x11X9\xb4\xc8v\xf2?\x11X9\xb4\xc8v\xf2?\xe8\xfb\xa9\xf1\xd2M\xf4?\xe8\xfb\xa9\xf1\xd2M\xf4?\xe8\xfb\xa9\xf1\xd2M\xf4?\x18\x04V\x0e-\xb2\xf3?\x11X9\xb4\xc8v\xf2?\x11X9\xb4\xc8v\xf2?\xdfO\x8d\x97n\x12\xf3?\xdfO\x8d\x97n\x12\xf3?\x08\xac\x1cZd;\xf1?\x08\xac\x1cZd;\xf1?c\x10X9\xb4\xc8\xee?R\xb8\x1e\x85\xebQ\xec?R\xb8\x1e\x85\xebQ\xec?R\xb8\x1e\x85\xebQ\xec?R\xb8\x1e\x85\xebQ\xec?R\xb8\x1e\x85\xebQ\xec?A`\xe5\xd0""\xdb\xe9?1\x08\xac\x1cZd\xe7?\xbf\x9f\x1a/\xdd$\xe6?1\x08\xac\x1cZd\xe7?\xcf\xf7S\xe3\xa5\x9b\xe8?\xcf\xf7S\xe3\xa5\x9b\xe8?1\x08\xac\x1cZd\xe7?\x9d\xef\xa7\xc6K7\xe1?\xdfO\x8d\x97n\x12\xdb?\xa4p=\n\xd7\xa3\xd8?\xc5 \xb0rh\x91\xdd?\xc5 \xb0rh\x91\xdd?\x00\x00\x00\x00\x00\x00\xe0?\xdfO\x8d\x97n\x12\xdb?\x83\xc0\xca\xa1E\xb6\xd3?\x83\xc0\xca\xa1E\xb6\xd3?\xc5 \xb0rh\x91\xdd?\x11X9\xb4\xc8v\xe2?\x11X9\xb4\xc8v\xe2?\x11X9\xb4\xc8v\xe2?\x9d\xef\xa7\xc6K7\xe1?\xdfO\x8d\x97n\x12\xdb?\xbf\x9f\x1a/\xdd$\xd6?\xa4p=\n\xd7\xa3\xd8?\xc5 \xb0rh\x91\xdd?\xc5 \xb0rh\x91\xdd?\xc5 \xb0rh\x91\xdd?\xa4p=\n\xd7\xa3\xd8?\xbf\x9f\x1a/\xdd$\xd6?\xdfO\x8d\x97n\x12\xdb?\x11X9\xb4\xc8v\xe2?\xbf\x9f\x1a/\xdd$\xe6?\xbf\x9f\x1a/\xdd$\xe6?\xcf\xf7S\xe3\xa5\x9b\xe8?1\x08\xac\x1cZd\xe7?\xcf\xf7S\xe3\xa5\x9b\xe8?\xcf\xf7S\xe3\xa5\x9b\xe8?\xcf\xf7S\xe3\xa5\x9b\xe8?\xcf\xf7S\xe3\xa5\x9b\xe8?\xcf\xf7S\xe3\xa5\x9b\xe8?A`\xe5\xd0""\xdb\xe9?c\x10X9\xb4\xc8\xee?\x11X9\xb4\xc8v\xf2?!\xb0rh\x91\xed\xf4?\xe8\xfb\xa9\xf1\xd2M\xf4?\xe8\xfb\xa9\xf1\xd2M\xf4?\xdfO\x8d\x97n\x12\xf3?\xd7\xa3p=\n\xd7\xf1?\x11X9\xb4\xc8v\xf2?\xdfO\x8d\x97n\x12\xf3?\xdfO\x8d\x97n\x12\xf3?\xdfO\x8d\x97n\x12\xf3?\xdfO\x8d\x97n\x12\xf3?\xdfO\x8d\x97n\x12\xf3?\xe8\xfb\xa9\xf1\xd2M\xf4?)\\\x8f\xc2\xf5(\xf6?)\\\x8f\xc2\xf5(\xf6?)\\\x8f\xc2\xf5(\xf6?\xef\xa7\xc6K7\x89\xf5?\x18\x04V\x0e-\xb2\xf3?\xdfO\x8d\x97n\x12\xf3?\xef\xa7\xc6K7\x89\xf5?\xf8S\xe3\xa5\x9b\xc4\xfe?\x04V\x0e-\xb2\x9d\x00@\x04V\x0e-\xb2\x9d\x00@\x04V\x0e-\xb2\x9d\x00@1\x08\xac\x1cZd\xff?\x08\xac\x1cZd;\xf9?\x08\xac\x1cZd;\xf9?\xef\xa7\xc6K7\x89\xed?\xcf\xf7S\xe3\xa5\x9b\xe8?\xcf\xf7S\xe3\xa5\x9b\xe8?!\xb0rh\x91\xed\xe4?\xbf\x9f\x1a/\xdd$\xe6?\xbf\x9f\x1a/\xdd$\xe6?1\x08\xac\x1cZd\xe7?A`\xe5\xd0""\xdb\xe9?A`\xe5\xd0""\xdb\xe9?\xef\xa7\xc6K7\x89\xed?\x08\xac\x1cZd;\xf1?\xdfO\x8d\x97n\x12\xf3?\xe8\xfb\xa9\xf1\xd2M\xf4?\xe8\xfb\xa9\xf1\xd2M\xf4?\x11X9\xb4\xc8v\xf2?\x11X9\xb4\xc8v\xf2?\xcf\xf7S\xe3\xa5\x9b\xf0?c\x10X9\xb4\xc8\xee?c\x10X9\xb4\xc8\xee?c\x10X9\xb4\xc8\xee?\xef\xa7\xc6K7\x89\xed?\xef\xa7\xc6K7\x89\xed?\xef\xa7\xc6K7\x89\xed?\xef\xa7\xc6K7\x89\xed?c\x10X9\xb4\xc8\xee?\x00\x00\x00\x00\x00\x00\xf0?\xcf\xf7S\xe3\xa5\x9b\xf0?\xcf\xf7S\xe3\xa5\x9b\xf0?\xcf\xf7S\xe3\xa5\x9b\xf0?\xcf\xf7S\xe3\xa5\x9b\xf0?\x00\x00\x00\x00\x00\x00\xf0?\x00\x00\x00\x00\x00\x00\xf0?c\x10X9\xb4\xc8\xee?c\x10X9\xb4\xc8\xee?c\x10X9\xb4\xc8\xee?c\x10X9\xb4\xc8\xee?\x00\x00\x00\x00\x00\x00\xf0?\x00\x00\x00\x00\x00\x00\xf0?\x00\x00\x00\x00\x00\x00\xf0?\x00\x00\x00\x00\x00\x00\xf0?\x00\x00\x00\x00\x00\x00\xf0?\x00\x00\x00\x00\x00\x00\xf0?\x00\x00\x00\x00\x00\x00\xf0?\x00\x00\x00\x00\x00\x00\xf0?\x00\x00\x00\x00\x00\x00\xf0?\x00\x00\x00\x00\x00\x00\xf0?\x00\x00\x00\x00\x00\x00\xf0?\x00\x00\x00\x00\x00\x00\xf0?\x00\x00\x00\x00\x00\x00\xf0?\x00\x00\x00\x00\x00\x00\xf0?\x00\x00\x00\x00\x00\x00\xf0?\x00\x00\x00\x00\x00\x00\xf0?\x00\x00\x00\x00\x00\x00\xf0?c\x10X9\xb4\xc8\xee?c\x10X9\xb4\xc8\xee?c\x10X9\xb4\xc8\xee?c\x10X9\xb4\xc8\xee?\x00\x00\x00\x00\x00\x00\xf0?\xcf\xf7S\xe3\xa5\x9b\xf0?\x00\x00\x00\x00\x00\x00\xf0?\x00\x00\x00\x00\x00\x00\xf0?\x00\x00\x00\x00\x00\x00\xf0?c\x10X9\xb4\xc8\xee?c\x10X9\xb4\xc8\xee?\x00\x00\x00\x00\x00\x00\xf0?\x00\x00\x00\x00\x00\x00\xf0?\x00\x00\x00\x00\x00\x00\xf0?\x00\x00\x00\x00\x00\x00\xf0?\x00\x00\x00\x00\x00\x00\xf0?\x00\x00\x00\x00\x00\x00\xf0?c\x10X9\xb4\xc8\xee?c\x10X9\xb4\xc8\xee?c\x10X9\xb4\xc8\xee?\x00\x00\x00\x00\x00\x00\xf0?\x00\x00\x00\x00\x00\x00\xf0?\x00\x00\x00\x00\x00\x00\xf0?\x00\x00\x00\x00\x00\x00\xf0?\x00\x00\x00\x00\x00\x00\xf0?\x00\x00\x00\x00\x00\x00\xf0?\x00\x00\x00\x00\x00\x00\xf0?\x00\x00\x00\x00\x00\x00\xf0?c\x10X9\xb4\xc8\xee?c\x10X9\xb4\xc8\xee?c\x10X9\xb4\xc8\xee?\x00\x00\x00\x00\x00\x00\xf0?\x00\x00\x00\x00\x00\x00\xf0?\x00\x00\x00\x00\x00\x00\xf0?\x00\x00\x00\x00\x00\x00\xf0?\x00\x00\x00\x00\x00\x00\xf0?\x00\x00\x00\x00\x00\x00\xf0?c\x10X9\xb4\xc8\xee?c\x10X9\xb4\xc8\xee?\x00\x00\x00\x00\x00\x00\xf0?\x00\x00\x00\x00\x00\x00\xf0?\x00\x00\x00\x00\x00\x00\xf0?\x00\x00\x00\x00\x00\x00\xf0?\x00\x00\x00\x00\x00\x00\xf0?\x00\x00\x00\x00\x00\x00\xf0?\x00\x00\x00\x00\x00\x00\xf0?\x00\x00\x00\x00\x00\x00\xf0?c\x10X9\xb4\xc8\xee?c\x10X9\xb4\xc8\xee?c\x10X9\xb4\xc8\xee?\x00\x00\x00\x00\x00\x00\xf0?\xcf\xf7S\xe3\xa5\x9b\xf0?\x00\x00\x00\x00\x00\x00\xf0?\x00\x00\x00\x00\x00\x00\xf0?\x00\x00\x00\x00\x00\x00\xf0?\x00\x00\x00\x00\x00\x00\xf0?\xcf\xf7S\xe3\xa5\x9b\xf0?\xcf\xf7S\xe3\xa5\x9b\xf0?\xcf\xf7S\xe3\xa5\x9b\xf0?\xcf\xf7S\xe3\xa5\x9b\xf0?\x00\x00\x00\x00\x00\x00\xf0?c\x10X9\xb4\xc8\xee?\xef\xa7\xc6K7\x89\xed?c\x10X9\xb4\xc8\xee?\x00\x00\x00\x00\x00\x00\xf0?\xcf\xf7S\xe3\xa5\x9b\xf0?\xcf\xf7S\xe3\xa5\x9b\xf0?\x00\x00\x00\x00\x00\x00\xf0?c\x10X9\xb4\xc8\xee?c\x10X9\xb4\xc8\xee?\x00\x00\x00\x00\x00\x00\xf0?c\x10X9\xb4\xc8\xee?c\x10X9\xb4\xc8\xee?\x00\x00\x00\x00\x00\x00\xf0?'",354.0,6.505386114120483,5.991735935211182,6.650123357772827,0.1913619041442871,,,,,,,,,,,,,,,,,,,,
62,,,,,,,,,,,,,0.0,0.24687605538669366,0.0,,0.0,(23b8c1e9-3924-46de-aeb1-3b9046685257)_(1): (1:354)len=354,0.0,(23b8c1e9-3924-46de-aeb1-3b9046685257)_(1): (1:354)len=354,0.24687605538669366,(23b8c1e9-3924-46de-aeb1-3b9046685257)_(1): (129:131)len=3,0.0,(23b8c1e9-3924-46de-aeb1-3b9046685257)_(1): (1:354)len=354,,,,,,,
63,,,,,,,,,,,,,0.0,0.31171901384667333,0.0,,0.0,(23b8c1e9-3924-46de-aeb1-3b9046685257)_(1): (1:355)len=355,0.0,(23b8c1e9-3924-46de-aeb1-3b9046685257)_(1): (1:355)len=355,0.31171901384667333,(bdd640fb-0667-4ad1-ac80-317fa3b1799d)_(1): (192:194)len=3,0.0,(23b8c1e9-3924-46de-aeb1-3b9046685257)_(1): (1:355)len=355,,,,,,,
64,,,,,,,,,,,,,0.012833502195204294,0.33772374197906113,0.0,,0.0,(23b8c1e9-3924-46de-aeb1-3b9046685257)_(1): (2:354)len=353,0.012833502195204294,(23b8c1e9-3924-46de-aeb1-3b9046685257)_(1): (1:356)len=356,0.33772374197906113,(bdd640fb-0667-4ad1-ac80-317fa3b1799d)_(1): (160:162)len=3,0.0,(23b8c1e9-3924-46de-aeb1-3b9046685257)_(1): (2:354)len=353,,,,,,,
65,,,,,,,,,,,,,0.012833502195204294,0.35089496791624447,0.0,,0.0,(23b8c1e9-3924-46de-aeb1-3b9046685257)_(1): (2:355)len=354,0.012833502195204294,(23b8c1e9-3924-46de-aeb1-3b9046685257)_(1): (5:355)len=351,0.35089496791624447,(bdd640fb-0667-4ad1-ac80-317fa3b1799d)_(1): (224:226)len=3,0.0,(23b8c1e9-3924-46de-aeb1-3b9046685257)_(1): (2:355)len=354,,,,,,,
66,,,,,,,,,,,,,0.0,0.3508949679162445,0.0,,0.012833502195204294,(23b8c1e9-3924-46de-aeb1-3b9046685257)_(1): (1:352)len=352,0.012833502195204294,(23b8c1e9-3924-46de-aeb1-3b9046685257)_(1): (5:356)len=352,0.3637284701114488,(bdd640fb-0667-4ad1-ac80-317fa3b1799d)_(1): (0:2)len=3,0.012833502195204294,(23b8c1e9-3924-46de-aeb1-3b9046685257)_(1): (1:356)len=356,,,,,,,
67,,,,,,"[0.42857143 0.45457616 0.45457616 0.44174265 0.45457616 0.45457616
 0.45457616 0.45457616 0.45457616 0.45457616 0.45457616 0.45457616
 0.45457616 0.45457616 0.45457616 0.45457616 0.44174265 0.44174265
 0.45457616 0.45457616 0.44174265 0.44174265 0.45457616 0.45457616
 0.45457616 0.44174265 0.45457616 0.45457616 0.45457616 0.45457616
 0.45457616 0.45457616 0.45457616 0.45457616 0.45457616 0.45457616
 0.45457616 0.45457616 0.45457616 0.45457616 0.45457616 0.45457616
 0.45457616 0.44174265 0.45457616 0.44174265 0.44174265 0.45457616
 0.45457616 0.45457616 0.45457616 0.45457616 0.45457616 0.45457616
 0.45457616 0.45457616 0.45457616 0.45457616 0.44174265 0.44174265
 0.44174265 0.45457616 0.44174265 0.45457616 0.45457616 0.45457616
 0.45457616 0.45457616 0.45457616 0.45457616 0.45457616 0.45457616
 0.45457616 0.45457616 0.45457616 0.45457616 0.45457616 0.45457616
 0.45457616 0.45457616 0.45457616 0.45457616 0.45457616 0.45457616
 0.45457616 0.45457616 0.45457616 0.45457616 0.45457616 0.45457616
 0.45457616 0.45457616 0.45457616 0.45457616 0.45457616 0.45457616
 0.45457616 0.45457616 0.45457616 0.45457616 0.44174265 0.45457616
 0.45457616 0.44174265 0.44174265 0.44174265 0.44174265 0.45457616
 0.45457616 0.45457616 0.45457616 0.45457616 0.44174265 0.44174265
 0.44174265 0.45457616 0.45457616 0.45457616 0.44174265 0.44174265
 0.45457616 0.44174265 0.44174265 0.44174265 0.44174265 0.45457616
 0.45457616 0.45457616 0.45457616 0.45457616 0.45457616 0.45457616
 0.45457616 0.45457616 0.45457616 0.45457616 0.45457616 0.45457616
 0.41573793 0.41573793 0.51941912 0.62343803 0.68828099 0.68828099
 0.64944276 0.64944276 0.5974333  0.57142857 0.53259034 0.54542384
 0.54542384 0.53259034 0.53259034 0.5845998  0.62343803 0.5974333
 0.53259034 0.53259034 0.44174265 0.4025667  0.41573793 0.42857143
 0.3897332  0.33772374 0.33772374 0.29854779 0.29854779 0.28571429
 0.27288078 0.24687606 0.24687606 0.23370483 0.2077001  0.2077001
 0.18169537 0.16886187 0.1948666  0.2077001  0.2077001  0.2077001
 0.2077001  0.23370483 0.23370483 0.25970956 0.27288078 0.27288078
 0.31171901 0.35055724 0.37656197 0.37656197 0.4025667  0.4025667
 0.42857143 0.44174265 0.41573793 0.41573793 0.44174265 0.49341439
 0.49341439 0.53259034 0.51941912 0.51941912 0.53259034 0.53259034
 0.54542384 0.54542384 0.51941912 0.50658561 0.50658561 0.53259034
 0.53259034 0.5845998  0.5974333  0.57142857 0.55859507 0.55859507
 0.54542384 0.54542384 0.54542384 0.54542384 0.50658561 0.49341439
 0.48058088 0.46740966 0.42857143 0.42857143 0.41573793 0.42857143
 0.44174265 0.48058088 0.51941912 0.54542384 0.54542384 0.55859507
 0.57142857 0.57142857 0.54542384 0.50658561 0.46740966 0.46740966
 0.45457616 0.44174265 0.44174265 0.42857143 0.42857143 0.44174265
 0.45457616 0.46740966 0.46740966 0.46740966 0.45457616 0.45457616
 0.45457616 0.45457616 0.45457616 0.45457616 0.45457616 0.45457616
 0.45457616 0.45457616 0.45457616 0.44174265 0.44174265 0.45457616
 0.46740966 0.45457616 0.45457616 0.45457616 0.44174265 0.44174265
 0.45457616 0.45457616 0.45457616 0.44174265 0.44174265 0.44174265
 0.45457616 0.45457616 0.45457616 0.45457616 0.45457616 0.44174265
 0.44174265 0.45457616 0.45457616 0.44174265 0.44174265 0.44174265
 0.45457616 0.45457616 0.44174265 0.44174265 0.45457616 0.45457616
 0.45457616 0.45457616 0.45457616 0.45457616 0.44174265 0.44174265
 0.44174265 0.44174265 0.44174265 0.44174265 0.45457616 0.45457616
 0.45457616 0.45457616 0.45457616 0.44174265 0.44174265 0.45457616
 0.45457616 0.46740966 0.46740966 0.45457616 0.45457616 0.44174265
 0.44174265 0.44174265 0.45457616 0.45457616 0.44174265 0.44174265]:b""\xda\xb6m\xdb\xb6m\xdb?\x8cd\xa5\x97\xc6\x17\xdd?\x8cd\xa5\x97\xc6\x17\xdd?\xba6\x97\xfb\x82E\xdc?\x8cd\xa5\x97\xc6\x17\xdd?\x8cd\xa5\x97\xc6\x17\xdd?\x8cd\xa5\x97\xc6\x17\xdd?\x8cd\xa5\x97\xc6\x17\xdd?\x8cd\xa5\x97\xc6\x17\xdd?\x8cd\xa5\x97\xc6\x17\xdd?\x8cd\xa5\x97\xc6\x17\xdd?\x8cd\xa5\x97\xc6\x17\xdd?\x8cd\xa5\x97\xc6\x17\xdd?\x8cd\xa5\x97\xc6\x17\xdd?\x8cd\xa5\x97\xc6\x17\xdd?\x8cd\xa5\x97\xc6\x17\xdd?\xba6\x97\xfb\x82E\xdc?\xba6\x97\xfb\x82E\xdc?\x8cd\xa5\x97\xc6\x17\xdd?\x8cd\xa5\x97\xc6\x17\xdd?\xba6\x97\xfb\x82E\xdc?\xba6\x97\xfb\x82E\xdc?\x8cd\xa5\x97\xc6\x17\xdd?\x8cd\xa5\x97\xc6\x17\xdd?\x8cd\xa5\x97\xc6\x17\xdd?\xba6\x97\xfb\x82E\xdc?\x8cd\xa5\x97\xc6\x17\xdd?\x8cd\xa5\x97\xc6\x17\xdd?\x8cd\xa5\x97\xc6\x17\xdd?\x8cd\xa5\x97\xc6\x17\xdd?\x8cd\xa5\x97\xc6\x17\xdd?\x8cd\xa5\x97\xc6\x17\xdd?\x8cd\xa5\x97\xc6\x17\xdd?\x8cd\xa5\x97\xc6\x17\xdd?\x8cd\xa5\x97\xc6\x17\xdd?\x8cd\xa5\x97\xc6\x17\xdd?\x8cd\xa5\x97\xc6\x17\xdd?\x8cd\xa5\x97\xc6\x17\xdd?\x8cd\xa5\x97\xc6\x17\xdd?\x8cd\xa5\x97\xc6\x17\xdd?\x8cd\xa5\x97\xc6\x17\xdd?\x8cd\xa5\x97\xc6\x17\xdd?\x8cd\xa5\x97\xc6\x17\xdd?\xba6\x97\xfb\x82E\xdc?\x8cd\xa5\x97\xc6\x17\xdd?\xba6\x97\xfb\x82E\xdc?\xba6\x97\xfb\x82E\xdc?\x8cd\xa5\x97\xc6\x17\xdd?\x8cd\xa5\x97\xc6\x17\xdd?\x8cd\xa5\x97\xc6\x17\xdd?\x8cd\xa5\x97\xc6\x17\xdd?\x8cd\xa5\x97\xc6\x17\xdd?\x8cd\xa5\x97\xc6\x17\xdd?\x8cd\xa5\x97\xc6\x17\xdd?\x8cd\xa5\x97\xc6\x17\xdd?\x8cd\xa5\x97\xc6\x17\xdd?\x8cd\xa5\x97\xc6\x17\xdd?\x8cd\xa5\x97\xc6\x17\xdd?\xba6\x97\xfb\x82E\xdc?\xba6\x97\xfb\x82E\xdc?\xba6\x97\xfb\x82E\xdc?\x8cd\xa5\x97\xc6\x17\xdd?\xba6\x97\xfb\x82E\xdc?\x8cd\xa5\x97\xc6\x17\xdd?\x8cd\xa5\x97\xc6\x17\xdd?\x8cd\xa5\x97\xc6\x17\xdd?\x8cd\xa5\x97\xc6\x17\xdd?\x8cd\xa5\x97\xc6\x17\xdd?\x8cd\xa5\x97\xc6\x17\xdd?\x8cd\xa5\x97\xc6\x17\xdd?\x8cd\xa5\x97\xc6\x17\xdd?\x8cd\xa5\x97\xc6\x17\xdd?\x8cd\xa5\x97\xc6\x17\xdd?\x8cd\xa5\x97\xc6\x17\xdd?\x8cd\xa5\x97\xc6\x17\xdd?\x8cd\xa5\x97\xc6\x17\xdd?\x8cd\xa5\x97\xc6\x17\xdd?\x8cd\xa5\x97\xc6\x17\xdd?\x8cd\xa5\x97\xc6\x17\xdd?\x8cd\xa5\x97\xc6\x17\xdd?\x8cd\xa5\x97\xc6\x17\xdd?\x8cd\xa5\x97\xc6\x17\xdd?\x8cd\xa5\x97\xc6\x17\xdd?\x8cd\xa5\x97\xc6\x17\xdd?\x8cd\xa5\x97\xc6\x17\xdd?\x8cd\xa5\x97\xc6\x17\xdd?\x8cd\xa5\x97\xc6\x17\xdd?\x8cd\xa5\x97\xc6\x17\xdd?\x8cd\xa5\x97\xc6\x17\xdd?\x8cd\xa5\x97\xc6\x17\xdd?\x8cd\xa5\x97\xc6\x17\xdd?\x8cd\xa5\x97\xc6\x17\xdd?\x8cd\xa5\x97\xc6\x17\xdd?\x8cd\xa5\x97\xc6\x17\xdd?\x8cd\xa5\x97\xc6\x17\xdd?\x8cd\xa5\x97\xc6\x17\xdd?\x8cd\xa5\x97\xc6\x17\xdd?\x8cd\xa5\x97\xc6\x17\xdd?\x8cd\xa5\x97\xc6\x17\xdd?\x8cd\xa5\x97\xc6\x17\xdd?\xba6\x97\xfb\x82E\xdc?\x8cd\xa5\x97\xc6\x17\xdd?\x8cd\xa5\x97\xc6\x17\xdd?\xba6\x97\xfb\x82E\xdc?\xba6\x97\xfb\x82E\xdc?\xba6\x97\xfb\x82E\xdc?\xba6\x97\xfb\x82E\xdc?\x8cd\xa5\x97\xc6\x17\xdd?\x8cd\xa5\x97\xc6\x17\xdd?\x8cd\xa5\x97\xc6\x17\xdd?\x8cd\xa5\x97\xc6\x17\xdd?\x8cd\xa5\x97\xc6\x17\xdd?\xba6\x97\xfb\x82E\xdc?\xba6\x97\xfb\x82E\xdc?\xba6\x97\xfb\x82E\xdc?\x8cd\xa5\x97\xc6\x17\xdd?\x8cd\xa5\x97\xc6\x17\xdd?\x8cd\xa5\x97\xc6\x17\xdd?\xba6\x97\xfb\x82E\xdc?\xba6\x97\xfb\x82E\xdc?\x8cd\xa5\x97\xc6\x17\xdd?\xba6\x97\xfb\x82E\xdc?\xba6\x97\xfb\x82E\xdc?\xba6\x97\xfb\x82E\xdc?\xba6\x97\xfb\x82E\xdc?\x8cd\xa5\x97\xc6\x17\xdd?\x8cd\xa5\x97\xc6\x17\xdd?\x8cd\xa5\x97\xc6\x17\xdd?\x8cd\xa5\x97\xc6\x17\xdd?\x8cd\xa5\x97\xc6\x17\xdd?\x8cd\xa5\x97\xc6\x17\xdd?\x8cd\xa5\x97\xc6\x17\xdd?\x8cd\xa5\x97\xc6\x17\xdd?\x8cd\xa5\x97\xc6\x17\xdd?\x8cd\xa5\x97\xc6\x17\xdd?\x8cd\xa5\x97\xc6\x17\xdd?\x8cd\xa5\x97\xc6\x17\xdd?\x8cd\xa5\x97\xc6\x17\xdd?\t\x89_?s\x9b\xda?\t\x89_?s\x9b\xda?\xe1v\x11\xd6\x14\x9f\xe0?C\xd2\x80N4\xf3\xe3?\xdd\x96\xbf\xd8e\x06\xe6?\xdd\x96\xbf\xd8e\x06\xe6?\x1c\xa9\x9c,<\xc8\xe4?\x1c\xa9\x9c,<\xc8\xe4?k\xfbdp,\x1e\xe3?\x92$I\x92$I\xe2?\xd06&\xe6\xfa\n\xe1?\xbaM-\xb4\x1ct\xe1?\xbaM-\xb4\x1ct\xe1?\xd06&\xe6\xfa\n\xe1?\xd06&\xe6\xfa\n\xe1?\x81\xe4]\xa2\n\xb5\xe2?C\xd2\x80N4\xf3\xe3?k\xfbdp,\x1e\xe3?\xd06&\xe6\xfa\n\xe1?\xd06&\xe6\xfa\n\xe1?\xba6\x97\xfb\x82E\xdc?)\t6\x1f\xa7\xc3\xd9?\t\x89_?s\x9b\xda?\xda\xb6m\xdb\xb6m\xdb?V\xdb'\x83c\xf1\xd8?\xf4\x7f\xb8\nD\x9d\xd5?\xf4\x7f\xb8\nD\x9d\xd5?dRW.h\x1b\xd3?dRW.h\x1b\xd3?\x92$I\x92$I\xd2?\xc0\xf6:\xf6\xe0v\xd1?\x1d\x92\x06t\xa2\x99\xcf?\x1d\x92\x06t\xa2\x99\xcf?_\x92\xb33\n\xea\xcd?\xfc6D\xbb\xea\x95\xca?\xfc6D\xbb\xea\x95\xca?\x9a\xdb\xd4B\xcbA\xc7?\xf4\x7f\xb8\nD\x9d\xc5?X\xdb'\x83c\xf1\xc8?\xfc6D\xbb\xea\x95\xca?\xfc6D\xbb\xea\x95\xca?\xfc6D\xbb\xea\x95\xca?\xfc6D\xbb\xea\x95\xca?_\x92\xb33\n\xea\xcd?_\x92\xb33\n\xea\xcd?\xe1v\x11\xd6\x14\x9f\xd0?\xc0\xf6:\xf6\xe0v\xd1?\xc0\xf6:\xf6\xe0v\xd1?C\xd2\x80N4\xf3\xd3?\xc7\xad\xc6\xa6\x87o\xd6?x[\xfeb\x97\x19\xd8?x[\xfeb\x97\x19\xd8?)\t6\x1f\xa7\xc3\xd9?)\t6\x1f\xa7\xc3\xd9?\xda\xb6m\xdb\xb6m\xdb?\xba6\x97\xfb\x82E\xdc?\t\x89_?s\x9b\xda?\t\x89_?s\x9b\xda?\xba6\x97\xfb\x82E\xdc?\x10@\xeb\xef\x19\x94\xdf?\x10@\xeb\xef\x19\x94\xdf?\xd06&\xe6\xfa\n\xe1?\xe1v\x11\xd6\x14\x9f\xe0?\xe1v\x11\xd6\x14\x9f\xe0?\xd06&\xe6\xfa\n\xe1?\xd06&\xe6\xfa\n\xe1?\xbaM-\xb4\x1ct\xe1?\xbaM-\xb4\x1ct\xe1?\xe1v\x11\xd6\x14\x9f\xe0?\xf8_\n\x08\xf35\xe0?\xf8_\n\x08\xf35\xe0?\xd06&\xe6\xfa\n\xe1?\xd06&\xe6\xfa\n\xe1?\x81\xe4]\xa2\n\xb5\xe2?k\xfbdp,\x1e\xe3?\x92$I\x92$I\xe2?\xa9\rB\xc4\x02\xe0\xe1?\xa9\rB\xc4\x02\xe0\xe1?\xbaM-\xb4\x1ct\xe1?\xbaM-\xb4\x1ct\xe1?\xbaM-\xb4\x1ct\xe1?\xbaM-\xb4\x1ct\xe1?\xf8_\n\x08\xf35\xe0?\x10@\xeb\xef\x19\x94\xdf?=\x12\xddS\xd6\xc1\xde?_\x92\xb33\n\xea\xdd?\xda\xb6m\xdb\xb6m\xdb?\xda\xb6m\xdb\xb6m\xdb?\t\x89_?s\x9b\xda?\xda\xb6m\xdb\xb6m\xdb?\xba6\x97\xfb\x82E\xdc?=\x12\xddS\xd6\xc1\xde?\xe1v\x11\xd6\x14\x9f\xe0?\xbaM-\xb4\x1ct\xe1?\xbaM-\xb4\x1ct\xe1?\xa9\rB\xc4\x02\xe0\xe1?\x92$I\x92$I\xe2?\x92$I\x92$I\xe2?\xbaM-\xb4\x1ct\xe1?\xf8_\n\x08\xf35\xe0?_\x92\xb33\n\xea\xdd?_\x92\xb33\n\xea\xdd?\x8cd\xa5\x97\xc6\x17\xdd?\xba6\x97\xfb\x82E\xdc?\xba6\x97\xfb\x82E\xdc?\xda\xb6m\xdb\xb6m\xdb?\xda\xb6m\xdb\xb6m\xdb?\xba6\x97\xfb\x82E\xdc?\x8cd\xa5\x97\xc6\x17\xdd?_\x92\xb33\n\xea\xdd?_\x92\xb33\n\xea\xdd?_\x92\xb33\n\xea\xdd?\x8cd\xa5\x97\xc6\x17\xdd?\x8cd\xa5\x97\xc6\x17\xdd?\x8cd\xa5\x97\xc6\x17\xdd?\x8cd\xa5\x97\xc6\x17\xdd?\x8cd\xa5\x97\xc6\x17\xdd?\x8cd\xa5\x97\xc6\x17\xdd?\x8cd\xa5\x97\xc6\x17\xdd?\x8cd\xa5\x97\xc6\x17\xdd?\x8cd\xa5\x97\xc6\x17\xdd?\x8cd\xa5\x97\xc6\x17\xdd?\x8cd\xa5\x97\xc6\x17\xdd?\xba6\x97\xfb\x82E\xdc?\xba6\x97\xfb\x82E\xdc?\x8cd\xa5\x97\xc6\x17\xdd?_\x92\xb33\n\xea\xdd?\x8cd\xa5\x97\xc6\x17\xdd?\x8cd\xa5\x97\xc6\x17\xdd?\x8cd\xa5\x97\xc6\x17\xdd?\xba6\x97\xfb\x82E\xdc?\xba6\x97\xfb\x82E\xdc?\x8cd\xa5\x97\xc6\x17\xdd?\x8cd\xa5\x97\xc6\x17\xdd?\x8cd\xa5\x97\xc6\x17\xdd?\xba6\x97\xfb\x82E\xdc?\xba6\x97\xfb\x82E\xdc?\xba6\x97\xfb\x82E\xdc?\x8cd\xa5\x97\xc6\x17\xdd?\x8cd\xa5\x97\xc6\x17\xdd?\x8cd\xa5\x97\xc6\x17\xdd?\x8cd\xa5\x97\xc6\x17\xdd?\x8cd\xa5\x97\xc6\x17\xdd?\xba6\x97\xfb\x82E\xdc?\xba6\x97\xfb\x82E\xdc?\x8cd\xa5\x97\xc6\x17\xdd?\x8cd\xa5\x97\xc6\x17\xdd?\xba6\x97\xfb\x82E\xdc?\xba6\x97\xfb\x82E\xdc?\xba6\x97\xfb\x82E\xdc?\x8cd\xa5\x97\xc6\x17\xdd?\x8cd\xa5\x97\xc6\x17\xdd?\xba6\x97\xfb\x82E\xdc?\xba6\x97\xfb\x82E\xdc?\x8cd\xa5\x97\xc6\x17\xdd?\x8cd\xa5\x97\xc6\x17\xdd?\x8cd\xa5\x97\xc6\x17\xdd?\x8cd\xa5\x97\xc6\x17\xdd?\x8cd\xa5\x97\xc6\x17\xdd?\x8cd\xa5\x97\xc6\x17\xdd?\xba6\x97\xfb\x82E\xdc?\xba6\x97\xfb\x82E\xdc?\xba6\x97\xfb\x82E\xdc?\xba6\x97\xfb\x82E\xdc?\xba6\x97\xfb\x82E\xdc?\xba6\x97\xfb\x82E\xdc?\x8cd\xa5\x97\xc6\x17\xdd?\x8cd\xa5\x97\xc6\x17\xdd?\x8cd\xa5\x97\xc6\x17\xdd?\x8cd\xa5\x97\xc6\x17\xdd?\x8cd\xa5\x97\xc6\x17\xdd?\xba6\x97\xfb\x82E\xdc?\xba6\x97\xfb\x82E\xdc?\x8cd\xa5\x97\xc6\x17\xdd?\x8cd\xa5\x97\xc6\x17\xdd?_\x92\xb33\n\xea\xdd?_\x92\xb33\n\xea\xdd?\x8cd\xa5\x97\xc6\x17\xdd?\x8cd\xa5\x97\xc6\x17\xdd?\xba6\x97\xfb\x82E\xdc?\xba6\x97\xfb\x82E\xdc?\xba6\x97\xfb\x82E\xdc?\x8cd\xa5\x97\xc6\x17\xdd?\x8cd\xa5\x97\xc6\x17\xdd?\xba6\x97\xfb\x82E\xdc?\xba6\x97\xfb\x82E\xdc?""",324.0,6.579926252365112,6.178982734680176,9.139187574386597,0.21500062942504883,,,,,,,,,,,,,,,,,,,,
68,,,,,,,,,,,,,0.1300236406619384,0.22087132725430603,0.02600472813238762,,0.05200945626477539,(bd9c66b3-ad3c-4d6d-aa3d-1fa7bc8960a9)_(1): (68:155)len=88,0.18203309692671377,(17fc695a-07a0-4a6e-a822-e8f36c031199)_(1): (13:327)len=315,0.2728807835190814,(bdd640fb-0667-4ad1-ac80-317fa3b1799d)_(1): (64:66)len=3,0.07801418439716301,(bdd640fb-0667-4ad1-ac80-317fa3b1799d)_(1): (3:323)len=321,,,,,,,
69,,,,,,,,,,,,,0.1300236406619384,0.22087132725430603,0.02600472813238762,,0.05200945626477539,(bd9c66b3-ad3c-4d6d-aa3d-1fa7bc8960a9)_(1): (68:156)len=89,0.18203309692671377,(17fc695a-07a0-4a6e-a822-e8f36c031199)_(1): (13:328)len=316,0.2728807835190814,(bdd640fb-0667-4ad1-ac80-317fa3b1799d)_(1): (288:290)len=3,0.07801418439716301,(bdd640fb-0667-4ad1-ac80-317fa3b1799d)_(1): (4:323)len=320,,,,,,,
70,,,,,,,,,,,,,0.1300236406619384,0.22087132725430603,0.02600472813238773,,0.05200945626477539,(bd9c66b3-ad3c-4d6d-aa3d-1fa7bc8960a9)_(1): (68:157)len=90,0.18203309692671377,(17fc695a-07a0-4a6e-a822-e8f36c031199)_(1): (11:328)len=318,0.2728807835190814,(bdd640fb-0667-4ad1-ac80-317fa3b1799d)_(1): (320:322)len=3,0.07801418439716312,(bdd640fb-0667-4ad1-ac80-317fa3b1799d)_(1): (5:323)len=319,,,,,,,
71,,,,,,,,,,,,,0.1300236406619384,0.22087132725430603,0.052009456264775364,,0.05200945626477539,(bd9c66b3-ad3c-4d6d-aa3d-1fa7bc8960a9)_(1): (69:156)len=88,0.18203309692671377,(17fc695a-07a0-4a6e-a822-e8f36c031199)_(1): (38:317)len=280,0.2728807835190814,(23b8c1e9-3924-46de-aeb1-3b9046685257)_(1): (1:3)len=3,0.10401891252955076,(972a8469-1641-4f82-ab9d-2434e465e150)_(1): (3:325)len=323,,,,,,,
72,,,,,,,,,,,,,0.1300236406619384,0.22087132725430603,0.052009456264775364,,0.05200945626477539,(bd9c66b3-ad3c-4d6d-aa3d-1fa7bc8960a9)_(1): (69:157)len=89,0.18203309692671377,(17fc695a-07a0-4a6e-a822-e8f36c031199)_(1): (38:318)len=281,0.2728807835190814,(23b8c1e9-3924-46de-aeb1-3b9046685257)_(1): (33:35)len=3,0.10401891252955076,(972a8469-1641-4f82-ab9d-2434e465e150)_(1): (4:325)len=322,,,,,,,
